ID	Description	setSize	enrichmentScore	NES	pvalue	p.adjust	qvalue	rank	leading_edge	core_enrichment
GO:0071375	cellular response to peptide hormone stimulus	279	0.460150697229305	1.8045061824965	1.6259414945224e-07	0.000902560123609386	0.000767444385414575	2273	tags=32%, list=14%, signal=28%	28999/3625/54206/2308/8660/57085/8013/5894/9475/5295/8837/5562/6774/688/55829/3667/6093/23189/3952/11031/6777/5905/3164/6776/5781/5587/65010/5468/5286/2475/4641/10580/858/3297/5795/55022/6443/1072/890/5166/3480/10014/3624/3717/81565/1979/2890/5167/6772/2887/857/51763/1398/5290/5320/54741/4825/6655/51094/27131/252983/64397/23175/2660/490/10999/1535/3690/64900/5879/9882/5447/5970/29904/5791/8036/7532/3716/5573/185/6844/6778/23371/207/5578/3481/10000/23038/3643
GO:0046324	regulation of D-glucose import	45	0.684386922512	2.09798915304966	3.15688597436752e-06	0.00194709711596823	0.00165561131100163	2686	tags=49%, list=16%, signal=41%	28999/8660/5295/51422/55829/3667/3952/4205/5781/10580/55022/5167/2887/8218/23596/6253/207/1432/3643/3099/9481/1389
GO:0046323	D-glucose import	61	0.638562446196137	2.07417119008719	2.58137639256497e-06	0.00194709711596823	0.00165561131100163	2686	tags=44%, list=16%, signal=37%	6272/28999/8660/5295/51422/55829/3667/3952/4205/5781/10580/55022/6443/5167/2887/8218/23596/10999/32/6253/207/1432/53916/3643/3099/9481/1389
GO:0008645	hexose transmembrane transport	87	0.581814527177084	1.97463195182255	2.59224694001414e-06	0.00194709711596823	0.00165561131100163	2686	tags=40%, list=16%, signal=34%	6272/28999/8660/8013/5295/51422/55829/3667/50651/3952/4205/5781/10580/55022/6443/81031/5167/2887/51763/252983/8218/23596/5797/10999/32/5467/6253/207/1432/53916/3643/1500/3099/9481/1389
GO:0006006	glucose metabolic process	168	0.505050489369788	1.87608679300312	1.30286860021743e-06	0.00194709711596823	0.00165561131100163	3148	tags=37%, list=19%, signal=30%	4837/54206/114897/2308/8660/2201/467/5562/51422/51181/1374/55829/3667/3952/347/57486/3939/5255/10580/5209/5465/5166/23417/79660/9563/139735/5290/51094/5499/1737/5162/10413/6095/5165/32/5467/7874/4779/11091/4191/207/3481/1432/5903/23038/3643/2033/4041/55276/3988/3098/3099/3636/60343/5236/34/92579/3953/221937/23411/1609/10269
GO:0031589	cell-substrate adhesion	304	0.43639523232984	1.72595723572418	3.12417099983461e-06	0.00194709711596823	0.00165561131100163	1677	tags=27%, list=10%, signal=25%	10630/11170/2824/302/79834/9475/9358/91663/5295/11037/10174/8515/7094/7414/3491/7791/4811/94/9200/4739/6695/4771/1490/55604/6093/23189/3912/55679/347/6237/6722/10979/81/5310/604/8322/7057/1845/2316/1896/2013/23243/8516/71/80005/1613/11149/3915/10516/79987/59277/10580/50509/5881/123720/5795/1072/3688/22795/8394/3717/23603/1295/10855/2621/56940/284/1398/2185/55742/1435/613/1605/6251/9270/2017/6422/3676/5861/3690/3611/5879/11117
GO:0003012	muscle system process	333	0.425560751145772	1.69137926764895	1.9465633318676e-06	0.00194709711596823	0.00165561131100163	2093	tags=28%, list=13%, signal=25%	783/25802/28999/54206/5021/2308/309/10060/8013/147/6332/9475/29995/10611/18/323/4883/8837/2309/59/7171/1756/6781/6093/488/3952/4637/6722/7169/800/10398/4205/283383/114907/2316/1760/2668/5587/23171/476/80005/1613/5468/6717/9446/5286/2475/54795/1410/6909/51778/5465/1910/219931/5159/79147/7133/3764/857/5604/4660/3752/5290/26509/1605/801/1264/5606/2017/2770/7168/2660/3768/8678/7170/490/481/10087/1535/8735/1147/817/30845/59341/32/9150/7402/322/4638/1832/6641/6535
GO:0006979	response to oxidative stress	356	0.422309999513691	1.68733400798121	2.02197400240864e-06	0.00194709711596823	0.00165561131100163	2478	tags=29%, list=15%, signal=25%	1843/2878/2308/10060/7225/8013/10218/5562/2309/2861/5598/2730/2054/253827/11030/154807/55829/388/488/4217/347/84883/10550/5311/9943/2643/8614/140711/5587/2936/847/2119/79772/2876/84557/10516/5156/836/1410/29920/3297/1072/5516/6414/65018/79899/5663/5536/3717/9124/9588/3091/120892/6772/1398/5604/4891/5742/10645/50640/27/221/7128/7732/4540/8454/6505/1827/694/4233/7168/8678/5478/1312/55139/83636/1147/79661/5970/10935/91298/6648/59338/11235/7837/1861/79956/4669/2021/4779/1965/406/207/5578/5074/10105/80310/8428/51526/5371/8877/29957/83737
GO:0015980	energy derivation by oxidation of organic compounds	381	0.41951143944558	1.68275917509974	1.42577557563653e-06	0.00194709711596823	0.00165561131100163	3221	tags=31%, list=19%, signal=26%	8660/10060/8013/7360/5562/51422/5500/6774/195827/55829/3667/5339/3952/5834/55062/84883/55526/23710/9945/847/137872/3939/2475/5255/7384/10580/5209/2632/92259/55022/5465/65018/28964/79147/5166/5663/79660/5167/3091/114789/2887/51763/5290/10476/5499/4540/54949/1737/23596/5162/2271/26100/3418/10413/8987/2108/506/1312/54541/4519/5165/4718/59341/29103/6648/1346/178/4191/4719/5509/207/51341/3481/83943/23130/10105/3643/2033/4694/23788/5901/7262/55276/3988/3588/3098/1347/11152/3099/4541/4729/4513/2997/3795/27166/8908/57521/509/5236/34/9997/10975/5256/6714/4697/54205/3953/4514/4536/387/221937/51103/4535/1743/4539/2992/6392/6391/30968/4695
GO:1904659	D-glucose transmembrane transport	84	0.58829730180347	1.98972727282827	3.51882816093185e-06	0.00195330151213327	0.00166088689195983	2686	tags=42%, list=16%, signal=35%	6272/28999/8660/8013/5295/51422/55829/3667/50651/3952/4205/5781/10580/55022/6443/81031/5167/2887/51763/252983/8218/23596/5797/10999/32/5467/6253/207/1432/53916/3643/1500/3099/9481/1389
GO:0006112	energy reserve metabolic process	84	0.585137734894288	1.97904104933166	4.22764565212095e-06	0.00212116728589582	0.00180362269670839	2923	tags=46%, list=18%, signal=38%	8660/7360/51422/5500/55829/3667/3952/5834/55062/23710/9945/2475/5255/10580/2632/55022/79660/5167/2887/51763/5499/26100/8987/1312/178/5509/207/3481/23130/3643/7262/55276/11152/2997/3795/8908/34/5256/3953
GO:0015749	monosaccharide transmembrane transport	90	0.569631260077812	1.94334694463968	4.58548143230945e-06	0.00212116728589582	0.00180362269670839	2686	tags=39%, list=16%, signal=33%	6272/28999/8660/8013/5295/51422/55829/3667/50651/3952/4205/5781/10580/55022/6443/81031/5167/2887/51763/252983/8218/23596/5797/10999/32/5467/6253/207/1432/53916/3643/1500/3099/9481/1389
GO:0005975	carbohydrate metabolic process	460	0.393456609011958	1.60382681513796	4.98321672570384e-06	0.00212783354187554	0.00180929099579401	3153	tags=31%, list=19%, signal=26%	4837/54206/114897/2308/8660/2201/7360/467/5562/51422/51181/56548/1374/5500/6774/195827/55829/3667/3952/5834/347/55062/51301/57486/55526/23710/30815/8707/2760/23171/3939/9446/4121/2475/5255/10580/54187/9469/5209/2632/219/256356/5465/28964/79147/5166/5663/4864/23417/79660/9563/5167/3091/51363/2887/26229/51763/139735/7165/5290/51094/5499/1737/27090/80162/5162/26100/3418/10413/6095/283310/8987/1312/9334/54541/132789/217/5165/113189/2526/80267/7841/32/5467/80896/7874/23193/4779/11091/178/5373/2710/4191/5509/207/51341/3481/1432/23130/5903/23038/3643/2033/27235/80146/23788/6888/5901/8708/5372/7262/4041/55276/3988/3098/11152/3099/160/7355/2739/3636/51071/2997/3795/60343/8908/9695/57521/5236/34/55501/5256/6714/92579/3953/145173/221937/2583/23411/1609/5016/10269/2992
GO:0031069	hair follicle morphogenesis	20	-0.783642412376741	-2.20114360798712	6.32450769139692e-06	0.00227146230595214	0.00193141813801011	2233	tags=70%, list=13%, signal=61%	6615/596/94234/538/2252/2263/92344/4851/7042/2736/6608/2131/2255/10468
GO:0010827	regulation of D-glucose transmembrane transport	62	0.629762718485455	2.0521233124661	6.54718012884782e-06	0.00227146230595214	0.00193141813801011	2686	tags=44%, list=16%, signal=37%	28999/8660/8013/5295/51422/55829/3667/3952/4205/5781/10580/55022/5167/2887/51763/252983/8218/23596/5797/6253/207/1432/3643/1500/3099/9481/1389
GO:0043434	response to peptide hormone	362	0.40841203429781	1.63597360831374	6.34725904026345e-06	0.00227146230595214	0.00193141813801011	2273	tags=30%, list=14%, signal=26%	6272/28999/3625/54206/2308/8660/57085/8013/5894/9475/5295/8837/5562/6774/688/55829/3667/6093/23189/3952/11031/6777/5905/8614/3164/6776/5781/5587/847/65010/5468/5286/2475/4641/10580/858/3297/5795/55022/6443/1072/890/5465/1910/5166/3480/10014/3624/3717/81565/1979/2890/5167/3764/6772/2887/857/51763/1398/5290/5320/54741/4825/6655/51094/27131/252983/64397/1605/22937/694/23175/2770/2660/490/1312/10999/1535/3690/64900/5879/9882/5447/1147/4519/5970/29904/59341/5791/10726/8036/7532/6773/3030/3716/5573/8893/185/6844/6778/23371/207/5578/3481/1432/10000/23038/3643
GO:0019233	sensory perception of pain	54	-0.602316922343662	-2.0960308993632	1.11642142220562e-05	0.00285284418124408	0.00242576554413116	2055	tags=43%, list=12%, signal=37%	358/4692/57555/2903/3751/3356/6347/85446/4311/5595/79634/5243/8508/134145/134/4803/8989/9536/56925/3673/5027/4856/6387
GO:0030239	myofibril assembly	53	0.639706818893716	2.03820218361805	9.75725723273738e-06	0.00285284418124408	0.00242576554413116	1978	tags=38%, list=12%, signal=33%	25802/8837/11214/5339/6722/4628/10398/4205/5587/71/9948/5156/51778/3688/5159/2314/7168/23363/8736/5573
GO:0008643	carbohydrate transport	102	0.541749066087014	1.89046852569727	1.10675843138344e-05	0.00285284418124408	0.00242576554413116	2686	tags=37%, list=16%, signal=31%	6272/28999/8660/8013/5295/51422/55829/3667/50651/3952/4205/5781/126321/65010/10580/55022/6443/81031/26503/5167/2887/51763/252983/8218/23596/5797/10999/32/5467/6253/207/1432/53916/3643/1500/3099/9481/1389
GO:0046486	glycerolipid metabolic process	317	0.418115944995066	1.65085021540096	9.41594223641937e-06	0.00285284418124408	0.00242576554413116	3204	tags=37%, list=19%, signal=30%	3632/3613/2180/10423/57104/5833/54764/5295/5562/1374/129303/253558/160851/10555/5293/57153/8760/5781/847/51099/2876/63924/5286/7376/151056/256356/5336/5277/8394/253430/64419/51196/388121/54675/9588/84803/857/51763/221955/10162/5290/5320/338/50640/57515/5154/11057/23175/3949/10400/8678/347735/11145/65258/23761/27440/84992/114879/51100/64900/23446/126969/57406/284098/54928/11343/5332/3030/8443/3612/1201/80235/64924/81542/80271/22908/2710/27163/55326/5333/57605/23659/9690/23556/9108/51573/1622/90809/5279/56994/51141/3988/5291/171586/8813/3636/8527/3991/1119/128486/81490/9926/11313/10554/131118/9489/8398/23411/26090/6901/8818/1609/5289/55627/84188/94005/375775
GO:0032970	regulation of actin filament-based process	335	0.410617320241595	1.63440620175619	1.13065343158656e-05	0.00285284418124408	0.00242576554413116	2075	tags=27%, list=13%, signal=24%	10630/25802/11034/171024/11170/2824/23500/9475/91663/5295/10602/10174/59/9788/10810/4739/4771/11214/10092/6781/2006/1490/55604/6093/23189/488/1265/2059/23075/10979/85464/2316/8936/5587/71/2764/9948/832/1613/6717/130271/1902/2475/5156/23384/54795/382/28984/5881/123720/1072/375/128272/5159/7408/51126/2314/857/51763/1398/55114/2185/5290/10094/27/6709/9270/5154/23191/2017/4233/4627/7168/58527/6422/9353/3690/5879/57175/817/5216/6522/23406/23325/6711/7082/50848/253260/1832/10787
GO:0006091	generation of precursor metabolites and energy	430	0.38829901845211	1.57439704520624	1.0628664272946e-05	0.00285284418124408	0.00242576554413116	3221	tags=31%, list=19%, signal=26%	8660/10060/8013/7360/5562/51422/5500/6774/195827/55829/3667/5339/3952/5834/55062/84883/5019/55526/23710/9945/847/137872/3939/2475/5255/7384/10580/291/5209/2632/92259/55022/5465/65018/28964/79147/5166/5663/79660/9563/5167/3091/114789/2887/51763/5290/10476/5499/4540/54949/1737/23596/5162/2271/26100/3418/10495/10413/8987/2108/506/1312/54541/5447/4519/5165/4718/59341/29103/32/6648/5467/1346/27158/178/4191/90550/4719/5509/207/51341/3481/83943/23130/10105/63933/5634/3643/2033/4694/23788/6888/5901/7262/55276/3988/3588/3098/1347/11152/3099/10840/4541/4729/4513/51071/2997/3795/27166/8908/57521/509/5236/34/9997/10975/5256/6714/4697/54205/3953/4514/4536/387/221937/51103/4535/1743/4539/2992/6392/6391/30968/4695
GO:0044057	regulation of system process	388	0.39981527884095	1.60790015907449	1.35261246739992e-05	0.00326450078545085	0.00277579602005548	1854	tags=25%, list=11%, signal=23%	783/3625/54206/5021/1075/114897/2308/309/2744/10060/8013/147/9475/29995/18/4883/2309/10810/10699/1756/6781/6093/488/3952/1890/6722/10398/4205/283383/114907/2316/10659/1760/2643/2013/5781/5587/257194/23171/476/80005/133/1613/5468/6717/11149/9446/79987/7376/54795/6909/3688/6446/5465/1910/7133/3624/2890/3764/120892/2621/857/51763/5604/4660/3752/2185/10162/58494/1605/801/1264/9921/6505/2017/23175/2770/7168/2660/3768/8678/3676/490/4881/481/55273/23405/1535/27129/817/30845/706/654/59341/11343/32
GO:0061687	detoxification of inorganic compound	14	0.853612582164678	2.02583582676841	1.55484445390399e-05	0.00345237662544841	0.00293554632897073	565	tags=36%, list=3%, signal=35%	4502/4501/4493/4499/847
GO:0019318	hexose metabolic process	205	0.461544325053934	1.757552097301	1.55229370084141e-05	0.00345237662544841	0.00293554632897073	3148	tags=34%, list=19%, signal=28%	4837/54206/114897/2308/8660/2201/467/5562/51422/51181/1374/55829/3667/3952/347/57486/3939/5255/10580/5209/5465/5166/23417/79660/9563/51363/139735/5290/51094/5499/1737/5162/10413/6095/5165/2526/32/5467/7874/4779/11091/5373/4191/207/3481/1432/5903/23038/3643/2033/5372/4041/55276/3988/3098/3099/7355/3636/3795/60343/5236/34/92579/3953/145173/221937/23411/1609/10269
GO:0007015	actin filament organization	389	0.397671287746116	1.59934257654986	1.85131890527548e-05	0.00395256586276314	0.00336085585880779	2075	tags=27%, list=13%, signal=24%	25802/11034/171024/11170/23500/9475/91663/5295/10602/10174/9788/10810/445815/7171/7791/4739/4771/10092/2006/1490/5339/55604/6093/388/23189/1265/4643/2059/23075/6722/10979/10093/7169/800/10398/85464/84940/2316/2013/8936/71/2764/9948/832/64780/283/359845/9645/130271/1902/10487/2475/23384/10096/4641/10580/382/28984/5881/3092/123720/1072/375/1730/3717/7408/23603/9124/51734/2314/51763/1729/2185/5290/10094/6709/1264/1266/9270/23191/2017/79585/4233/64423/7168/6422/7170/9353/81624/56776/9844/5879/57175/10097/5216/8976/59341/23406/23325/6711/7082/50848/87/253260/10787
GO:0051962	positive regulation of nervous system development	219	-0.395060590771742	-1.72951478584035	1.98388229826979e-05	0.00407871505099838	0.00346812016586423	1432	tags=23%, list=9%, signal=22%	54674/26011/118738/259266/80237/9839/23654/3984/3066/57633/23394/2852/22891/1959/64221/5789/4803/7162/349667/2737/23028/7424/274/7058/23768/8140/22924/4851/9820/146433/84189/4131/50937/7422/2049/6608/4192/100528062/26045/576/5764/6091/5270/8153/3976/131578/23767/2048/1382/7472/6387
GO:0048730	epidermis morphogenesis	22	-0.734621829719031	-2.11807252855355	2.40319862211552e-05	0.00473048105872059	0.00402231500579377	1811	tags=68%, list=11%, signal=61%	6615/596/94234/538/2252/2263/92344/4851/9314/7042/2736/6608/2131/2255/10468
GO:0045165	cell fate commitment	178	-0.410731996138031	-1.76319467091244	2.47133760949193e-05	0.00473048105872059	0.00402231500579377	1811	tags=29%, list=11%, signal=26%	596/56603/9760/1909/5928/57504/3956/7474/3569/6046/10890/6910/26011/8324/3714/4090/1540/3199/2263/3066/5914/2138/2737/6926/10919/6423/6929/4851/25925/7148/182/9314/7042/1108/7157/51684/2736/50937/8543/6608/23135/6662/2131/2258/2034/4086/2255/5396/3516/9096/7472/9181
GO:0034446	substrate adhesion-dependent cell spreading	92	0.543376817494727	1.86311101500543	2.63822872371622e-05	0.00488160254844957	0.00415081319198018	1651	tags=30%, list=10%, signal=28%	10630/79834/91663/5295/4739/55604/23189/3912/55679/10979/81/8322/2316/8516/80005/11149/3915/59277/5881/23603/1398/55742/9270/3676/5861/3690/3611/5879
GO:0034219	carbohydrate transmembrane transport	98	0.540134033006057	1.86183574099229	2.76304266106795e-05	0.00494762897148006	0.00420695527749701	2686	tags=38%, list=16%, signal=32%	6272/28999/8660/8013/5295/51422/55829/3667/50651/3952/4205/5781/65010/10580/55022/6443/81031/26503/5167/2887/51763/252983/8218/23596/5797/10999/32/5467/6253/207/1432/53916/3643/1500/3099/9481/1389
GO:0050886	endocrine process	64	0.608318663608424	1.98914887973487	2.97966440032367e-05	0.00509159851629727	0.00432937218463757	2648	tags=44%, list=16%, signal=37%	3625/5021/114897/80223/6196/290/10699/64855/3952/91608/8322/9727/5781/5550/5468/1910/3624/140606/1312/1535/706/654/185/1588/55503/1522/7110/1889
GO:0044042	glucan metabolic process	74	0.581082353527935	1.93474583765477	3.15936687788429e-05	0.00509159851629727	0.00432937218463757	2923	tags=49%, list=18%, signal=40%	8660/7360/51422/5500/55829/3667/5834/55062/23710/5255/10580/2632/4864/79660/5167/2887/51763/5499/26100/8987/1312/178/5509/207/3481/23130/3643/7262/55276/11152/2997/3795/8908/34/5256/3953
GO:0010810	regulation of cell-substrate adhesion	190	0.452361048895439	1.70707693774534	3.05566786172201e-05	0.00509159851629727	0.00432937218463757	1677	tags=27%, list=10%, signal=25%	10630/11170/2824/79834/9475/91663/5295/7094/7414/3491/4811/94/9200/4739/6695/4771/55604/6093/23189/55679/347/6237/10979/81/604/8322/7057/1845/2316/2013/23243/71/80005/1613/5881/5795/1072/3717/23603/1295/56940/1398/2185/1435/1605/6251/9270/6422/3690/3611/5879/11117
GO:0005996	monosaccharide metabolic process	225	0.439713706798244	1.69429540141791	3.21033954369311e-05	0.00509159851629727	0.00432937218463757	3247	tags=33%, list=20%, signal=27%	4837/54206/114897/2308/8660/2201/467/5562/51422/51181/1374/55829/3667/3952/347/57486/3939/9446/5255/10580/5209/5465/79147/5166/23417/79660/9563/51363/139735/5290/51094/5499/1737/5162/10413/6095/283310/5165/2526/32/5467/7874/4779/11091/5373/4191/207/3481/1432/5903/23038/3643/2033/80146/5372/4041/55276/3988/3098/3099/7355/3636/3795/60343/5236/34/92579/3953/145173/221937/23411/1609/10269/30001/6513
GO:0010876	lipid localization	341	0.401555153950105	1.601604924603	3.44323753691268e-05	0.00530928099094508	0.00451446699284107	2464	tags=29%, list=15%, signal=25%	55852/2180/114897/8660/302/57194/57104/56910/1374/3952/23460/347/55187/23673/57488/25987/8322/7057/5781/2760/81671/51099/5045/5468/286410/7417/63924/7376/27183/10955/6646/24/5465/26207/219931/10257/301/3624/79065/23200/388121/140606/80148/4864/57088/3764/84725/857/9218/10162/5320/4792/29801/338/9525/23760/50640/26020/27346/10938/2167/8714/57614/3949/347735/116150/81037/1312/10087/10999/114879/55207/3690/196527/80833/706/654/6256/161291/32/5467/23111/1201/9619/185/153768/81537/207/57605/23130/1588/8273/9217/4067/6836/1622/51228/3988
GO:0003382	epithelial cell morphogenesis	26	0.73912425372172	2.03255835128449	4.10130300770946e-05	0.00583752128097313	0.00496362825548427	2420	tags=58%, list=15%, signal=49%	23022/51421/6781/25932/6093/10653/57493/196383/80781/8985/4233/9223/5879/57669/2317
GO:0042982	amyloid precursor protein metabolic process	70	0.586711540686661	1.94457980305448	3.98425112182384e-05	0.00583752128097313	0.00496362825548427	2490	tags=44%, list=15%, signal=38%	10418/9475/6093/9445/10048/1718/2319/836/6646/5663/114134/2043/54103/6868/5970/3459/8728/23163/1201/9619/27161/1454/4669/6253/26574/57142/5074/8301/4067/4915/5300
GO:0008015	blood circulation	380	0.38694722830334	1.55139392258055	4.07558532906036e-05	0.00583752128097313	0.00496362825548427	2008	tags=27%, list=12%, signal=25%	783/9414/9424/5021/10060/57085/147/6196/6332/9475/18/4883/5562/102724560/59/2730/290/10699/94/1756/196740/6781/2006/5339/6093/710/488/3952/23576/875/10979/91608/4205/2316/10659/1760/2643/2013/5781/23171/5550/476/80005/133/5468/6717/2876/11149/9446/5286/79987/2475/8985/54795/4012/5795/6909/3688/6446/5465/7026/1910/2768/3764/6772/2621/857/284/5604/3752/5290/5742/27131/613/26509/801/6505/5606/9270/128/7168/3768/3676/9353/490/4881/481/1312/1535/27129/11117/3351/817/30845/654/1874/59341/2767/3672/6648/5467/65992/185/7082
GO:0009100	glycoprotein metabolic process	307	0.414362536110387	1.63945658077831	4.34541018889854e-05	0.00603034298964395	0.00512758402290028	2973	tags=33%, list=18%, signal=28%	5806/285203/1301/26035/117248/55858/56548/66008/3952/4245/51301/64689/9445/9953/30815/8707/11173/10318/9945/23169/1471/51465/84002/4121/8985/9653/9469/85365/6646/83857/2590/81031/1910/29071/79147/10855/11261/3091/51363/26229/284/11046/7358/201595/79709/27090/6184/9394/116150/64083/10724/9334/5861/337876/170384/84447/63917/113189/2526/80267/7841/6185/55790/54928/5467/79586/27161/55454/4669/23071/23193/26574/5373/58505/54344/9917/347734/29880/91445/5074/79644/8708/5372/957/8813/374907/2651/11282/1603/29940/7844/11093/10678/9695/55501/8693/23213/10090/283464/267/145173/2650
GO:0010906	regulation of glucose metabolic process	91	0.530232626916317	1.81450392904471	4.83071821556844e-05	0.00654032117429766	0.00556121706767879	2292	tags=32%, list=14%, signal=28%	4837/114897/2308/8660/51422/55829/3667/3952/57486/5255/10580/5465/5166/23417/79660/139735/51094/5499/6095/5165/32/7874/4779/11091/207/3481/5903/3643/2033
GO:0001706	endoderm formation	44	0.64310532725564	1.96664273651812	5.294451969527e-05	0.00667943247337373	0.00567950302185624	1501	tags=34%, list=9%, signal=31%	1843/1301/1284/1294/3912/1847/79577/4324/3909/1290/3624/1295/5604/4627/3676
GO:0050817	coagulation	178	0.465450177350901	1.73757227200427	5.08386806063812e-05	0.00667943247337373	0.00567950302185624	2971	tags=42%, list=18%, signal=34%	10630/114897/302/10218/8323/7094/7414/10627/11234/710/160851/6722/10398/9068/3315/60/7057/2316/7103/928/71/79987/5156/84959/5795/5336/29071/79803/958/5663/3717/2768/10855/2621/857/284/2776/5290/2159/51129/5638/5154/4627/65991/5478/3690/308/196527/3611/3570/11117/1192/50848/81542/558/10019/5578/1432/10867/4067/3710/2152/5291/80856/5627/5054/1311/8527/11093/6714/80274/8546/7099/2149
GO:0043603	amide metabolic process	397	0.384433568231601	1.54989521566198	5.18347671305656e-05	0.00667943247337373	0.00567950302185624	2505	tags=26%, list=15%, signal=23%	84532/10418/4837/2180/2687/10157/9475/5562/8884/94101/2730/3491/387700/290/10699/9200/6093/10550/2356/30815/8707/64834/55331/8560/2936/2760/10135/10965/5550/166929/142891/5045/2876/91012/9446/81034/2475/23597/836/54187/5166/5663/23417/9218/114134/2043/54103/22978/201562/56922/6470/6505/253782/7357/1737/27090/60481/5162/2271/3949/10400/8678/11145/9334/10087/132789/4860/5165/4522/5970/494143/80347/4594/3459/32/6648/2639/435/23163/80896/9619/124222/64924/1454/4669/6253/4779/55907/57142/27163/9374/641371/23659/8301/55902/47/4915/8708/8877/1522/64087/5300/390916/29956
GO:0007596	blood coagulation	177	0.462485628686683	1.72558146164995	5.5438095718659e-05	0.00683859709631724	0.00581484026204601	2971	tags=41%, list=18%, signal=34%	10630/114897/302/10218/8323/7094/7414/10627/11234/710/160851/6722/10398/9068/3315/60/7057/2316/7103/928/71/79987/5156/84959/5795/5336/29071/79803/958/3717/2768/10855/2621/857/284/2776/5290/2159/51129/5638/5154/4627/65991/5478/3690/308/196527/3611/3570/11117/1192/50848/81542/558/10019/5578/1432/10867/4067/3710/2152/5291/80856/5627/5054/1311/8527/11093/6714/80274/8546/7099/2149
GO:0001885	endothelial cell development	52	0.607426617965423	1.93165074553639	5.85766837428167e-05	0.007068677640356	0.00601047711448033	2024	tags=38%, list=12%, signal=34%	9414/9475/91663/51421/7414/6781/25932/6093/57493/80781/2876/8985/1910/10855/4233/9223/5802/5908/7082/50848
GO:0005977	glycogen metabolic process	73	0.576140612253137	1.92439402565769	6.08851042531102e-05	0.00719091944061733	0.00611441898031234	2923	tags=48%, list=18%, signal=40%	8660/7360/51422/5500/55829/3667/5834/55062/23710/5255/10580/2632/79660/5167/2887/51763/5499/26100/8987/1312/178/5509/207/3481/23130/3643/7262/55276/11152/2997/3795/8908/34/5256/3953
GO:0003158	endothelium development	108	0.509749085937548	1.78842317338667	6.27354461407287e-05	0.00725509294848302	0.00616898553717165	2024	tags=33%, list=12%, signal=29%	10630/9414/9475/91663/51421/7414/94/6781/25932/11167/6093/388/8322/57493/80781/2876/8985/6935/84913/7026/1910/90627/10855/54567/2246/694/4233/9223/55273/5802/5908/654/11235/7082/4669/50848
GO:0051965	positive regulation of synapse assembly	46	-0.597590622535022	-2.01839627843252	6.74866073460319e-05	0.00734545406623183	0.00624581934653472	1432	tags=35%, list=9%, signal=32%	54674/57633/23394/5789/7162/349667/7058/23768/84189/2049/100528062/26045/576/131578/23767/2048
GO:0097501	stress response to metal ion	12	0.86054472946629	1.95891733864979	6.53631307020442e-05	0.00734545406623183	0.00624581934653472	314	tags=33%, list=2%, signal=33%	4502/4501/4493/4499
GO:0150115	cell-substrate junction organization	103	0.520174064735961	1.81182130961793	6.73388738052727e-05	0.00734545406623183	0.00624581934653472	2116	tags=38%, list=13%, signal=33%	11170/2824/79834/9475/5295/11037/7094/7414/94/5339/6093/347/10979/7057/1845/23243/71/1613/3909/3915/10580/382/123720/5795/1072/8394/23603/56940/613/9270/2017/142684/6422/3690/5879/3655/87/23499/26073
GO:0003013	circulatory system process	450	0.378824002707571	1.54449596122481	6.90945238801036e-05	0.00737584042420106	0.00627165678296325	1901	tags=26%, list=11%, signal=24%	783/9414/9424/5021/10060/57085/147/6196/6332/9475/18/4883/5562/8884/102724560/59/2730/387700/290/10699/94/1756/196740/6781/2006/5339/6093/710/488/3952/23576/875/10979/91608/54407/4205/6510/81539/2316/10659/1760/2643/2013/5781/57493/23171/5550/476/80005/133/5468/6717/2876/11149/9446/5286/79987/2475/8985/54795/4012/5795/6909/3688/6446/5465/7026/81031/1910/10257/2768/3764/6772/2621/857/284/5604/3752/114134/5290/5742/27131/613/26509/801/6505/5606/57419/9270/8714/128/7168/10413/3768/3676/9353/490/4881/481/1312/10057/10999/1535/27129/9194/5879/23446/11117/3351/817/30845/654/1874/59341/2767/3672/6648/5467
GO:0032868	response to insulin	223	0.428980271065947	1.64942397434317	7.40814446161293e-05	0.00761529813081729	0.0064752670108913	2273	tags=29%, list=14%, signal=25%	6272/28999/3625/54206/2308/8660/5894/5295/8837/5562/55829/3667/23189/3952/11031/5781/847/5468/5286/2475/4641/10580/858/5795/55022/6443/5465/5166/3480/10014/81565/1979/5167/3764/6772/2887/51763/5290/6655/51094/27131/252983/64397/22937/23175/2660/490/10999/64900/9882/5970/29904/59341/5791/7532/3030/6844/23371/207/3481/1432/10000/23038/3643
GO:0006869	lipid transport	327	0.397583418739254	1.57767798252786	7.39440264441887e-05	0.00761529813081729	0.0064752670108913	2464	tags=29%, list=15%, signal=25%	55852/2180/114897/8660/302/57194/56910/1374/3952/23460/347/55187/23673/57488/25987/8322/7057/5781/2760/81671/5045/5468/286410/7417/63924/7376/27183/10955/6646/24/5465/26207/219931/10257/301/3624/79065/23200/388121/140606/80148/4864/57088/3764/84725/857/9218/10162/5320/4792/29801/338/9525/23760/50640/26020/27346/2167/8714/57614/3949/347735/116150/81037/1312/10087/10999/114879/55207/3690/196527/80833/706/654/6256/161291/5467/23111/1201/9619/185/153768/81537/207/57605/23130/1588/8273/9217/4067/6836/1622/51228/3988
GO:0042987	amyloid precursor protein catabolic process	55	0.601038836723872	1.91928819427899	7.6848788085649e-05	0.00775613859388069	0.00659502326844116	2490	tags=45%, list=15%, signal=39%	10418/9475/6093/10048/1718/2319/836/5663/114134/2043/54103/6868/5970/3459/8728/23163/1201/9619/1454/6253/57142/8301/4067/4915/5300
GO:0001708	cell fate specification	62	-0.548285273093335	-1.981242123949	8.06030605231832e-05	0.00798977837436053	0.00679368652981115	1652	tags=34%, list=10%, signal=31%	5928/57504/6910/26011/8324/3066/2138/2737/6926/10919/6423/4851/1108/51684/2736/50937/8543/6608/6662/3516/9096
GO:0032869	cellular response to insulin stimulus	180	0.457677316291349	1.71436582115915	9.84161218108016e-05	0.00958434898546947	0.00814954552538568	2273	tags=31%, list=14%, signal=27%	3625/54206/2308/8660/5894/5295/8837/5562/55829/3667/23189/3952/11031/5781/5468/5286/2475/4641/10580/858/5795/55022/6443/5166/3480/10014/81565/1979/5167/6772/2887/51763/5290/6655/51094/27131/252983/64397/23175/2660/490/10999/64900/9882/5970/29904/5791/7532/6844/23371/207/3481/10000/23038/3643
GO:0030728	ovulation	14	0.824757479026587	1.95735546115102	0.000100395716984372	0.00960856249965942	0.00817013420976265	1028	tags=43%, list=6%, signal=40%	9510/3625/2309/3952/3624/4327
GO:0050878	regulation of body fluid levels	271	0.412188295515519	1.60591133829363	0.00010577429328378	0.00995174749183496	0.0084619434627024	2689	tags=34%, list=16%, signal=29%	10630/5021/114897/302/10218/4883/8323/7094/7414/10627/11234/710/160851/6722/10398/9068/6777/3315/7466/60/7057/2316/7103/2013/6776/928/257194/57493/71/133/79987/7376/5156/84959/5795/5465/1910/5336/29071/79803/958/3717/2768/10855/3091/2621/857/284/51763/2776/5290/2159/51129/5638/5154/4627/65991/4881/5478/1535/3690/308/196527/3611/3570/11117/59341/1192/50848/81542/4302/558/10019/5578/10758/1432/685/10867/2355/4067/3710/2152/5291/80856/3099/1036/5627/4513/5054/1311/8527/11093
GO:0006109	regulation of carbohydrate metabolic process	153	0.46073410461093	1.70348947884013	0.000108146039073799	0.010005311048311	0.00850748840713887	3148	tags=35%, list=19%, signal=29%	4837/114897/2308/8660/5562/51422/6774/195827/55829/3667/3952/57486/2475/5255/10580/5465/28964/5166/5663/23417/79660/5167/3091/2887/51763/139735/51094/5499/6095/54541/5165/32/7874/4779/11091/5509/207/51341/3481/5903/3643/2033/23788/7262/160/3795/57521/34/6714/3953/221937/23411/1609/10269
GO:0032956	regulation of actin cytoskeleton organization	302	0.39626669915839	1.56641066289701	0.000116361802188424	0.0105889239991466	0.00900373289064525	2075	tags=26%, list=13%, signal=23%	25802/11034/171024/11170/2824/23500/9475/91663/5295/10602/10174/9788/10810/4739/4771/11214/10092/2006/1490/55604/6093/23189/2059/23075/10979/85464/2316/8936/5587/71/2764/9948/832/1613/130271/1902/2475/5156/23384/382/28984/5881/123720/1072/375/128272/5159/7408/51126/2314/51763/1398/55114/2185/5290/10094/27/6709/9270/5154/23191/2017/4233/7168/6422/9353/3690/5879/57175/5216/6522/23406/23325/6711/7082/50848/253260/10787
GO:0005976	polysaccharide metabolic process	86	0.543979129646237	1.83874194519602	0.000118906297187571	0.0106459492852936	0.00905222133427957	2923	tags=44%, list=18%, signal=37%	8660/7360/51422/56548/5500/55829/3667/5834/55062/23710/5255/10580/2632/4864/79660/5167/2887/51763/5499/26100/8987/1312/178/5509/207/3481/23130/3643/7262/55276/11152/160/2997/3795/8908/34/5256/3953
GO:0010828	positive regulation of D-glucose transmembrane transport	36	0.66843005595524	1.96170127517431	0.00012672840801682	0.0108015270063719	0.00918450864169978	2273	tags=39%, list=14%, signal=34%	28999/8660/8013/5295/3667/4205/5781/10580/8218/23596/5797/207/1432/3643
GO:0051384	response to glucocorticoid	95	0.521235233094855	1.79380748424893	0.000128427451345802	0.0108015270063719	0.00918450864169978	1787	tags=26%, list=11%, signal=24%	1843/54206/11170/3485/687/8313/8837/2309/6781/678/114907/836/6909/79147/301/3717/5604/5290/2660/7538/9353/1312/54541/5447/654
GO:0006790	sulfur compound metabolic process	228	0.417248247186951	1.6087926070519	0.000122675801965299	0.0108015270063719	0.00918450864169978	2874	tags=29%, list=17%, signal=24%	84532/2180/58472/2687/10157/8884/102724560/7263/56548/2730/9200/55256/875/4357/10550/6777/64834/6776/2936/10965/64780/9645/2876/9446/23597/9469/22901/5166/80704/10560/27430/23417/5167/201562/56922/6505/1737/60481/5162/4144/5165/4522/494143/80347/4594/32/6648/2639/4779/9374/641371/55902/47/1491/64087/390916/2328/1036/60386/2739/4507/55711/84836/128486/594/84869
GO:0042060	wound healing	331	0.392285820080729	1.55809061857314	0.000125388650387848	0.0108015270063719	0.00918450864169978	2483	tags=32%, list=15%, signal=28%	10630/114897/302/5894/10218/8323/7094/7414/58189/94/10627/11234/5339/710/23189/1265/160851/6722/10979/4628/10398/9068/25987/3315/60/7057/2316/7103/928/71/5468/2876/79987/2475/5156/27183/84959/5795/3688/5465/5336/29071/128272/301/79803/958/3717/2768/10855/3091/2621/857/284/1398/79026/2776/5290/2159/9525/51129/7128/26509/1605/57591/6868/27346/5638/2246/5154/4627/7168/10413/65991/5478/55207/3690/308/196527/3611/3570/11117/57175/977/79602/1192/5467/11235/1861/4638/50848/81542/1832/4162/23499/558/10019/5578/1432/10867/4882/4067/3710/2152/94121/6376/5291/80856
GO:0010907	positive regulation of glucose metabolic process	42	0.628225953783999	1.8995494486483	0.000133720212237422	0.0110788193750736	0.0094202895785169	2273	tags=33%, list=14%, signal=29%	4837/2308/8660/51422/3667/5255/10580/5465/79660/5499/11091/207/3481/3643
GO:0007044	cell-substrate junction assembly	93	0.520875595002655	1.78795760508741	0.000137686403743878	0.0112396651056216	0.00955705625986918	2116	tags=39%, list=13%, signal=34%	11170/2824/79834/9475/11037/7094/7414/94/5339/6093/347/10979/7057/1845/23243/71/1613/3909/3915/10580/123720/5795/1072/8394/23603/56940/613/9270/2017/6422/3690/5879/3655/87/23499/26073
GO:0008360	regulation of cell shape	121	0.488445968456906	1.74757192564951	0.000140759986316937	0.0113240388992075	0.00962879906399919	1464	tags=27%, list=9%, signal=25%	10630/121512/57194/10602/10810/445815/4771/5364/103910/2059/10979/4628/54751/9948/1613/11149/1902/5881/51177/1072/114793/301/2768/161176/1398/1729/2185/55742/23191/989/56990/4627/7168
GO:0022404	molting cycle process	71	-0.497798400416697	-1.84830425211221	0.000152400078688842	0.0118315231226431	0.0100603115004279	1811	tags=34%, list=11%, signal=30%	596/94234/538/7474/1956/2252/4926/2263/3066/92344/4851/55504/4488/7042/2736/8861/6608/6662/2131/55366/2255/9079/3516/10468
GO:0022405	hair cycle process	71	-0.497798400416697	-1.84830425211221	0.000152400078688842	0.0118315231226431	0.0100603115004279	1811	tags=34%, list=11%, signal=30%	596/94234/538/7474/1956/2252/4926/2263/3066/92344/4851/55504/4488/7042/2736/8861/6608/6662/2131/55366/2255/9079/3516/10468
GO:0006650	glycerophospholipid metabolic process	256	0.411685705416592	1.60232242800302	0.000153462378820087	0.0118315231226431	0.0100603115004279	3204	tags=37%, list=19%, signal=30%	3632/3613/10423/5833/54764/5295/5562/129303/253558/160851/10555/5293/57153/8760/51099/5286/7376/151056/5336/5277/8394/253430/64419/51196/388121/54675/9588/84803/51763/10162/5290/5320/50640/57515/5154/23175/3949/10400/8678/347735/11145/65258/23761/27440/84992/114879/51100/23446/126969/57406/284098/54928/5332/3030/8443/3612/1201/80235/64924/80271/22908/27163/55326/5333/57605/23659/9690/23556/9108/51573/1622/90809/5279/56994/5291/171586/8813/3636/8527/1119/81490/9926/10554/131118/9489/8398/26090/6901/8818/1609/5289/55627/84188/94005/375775
GO:0031960	response to corticosteroid	109	0.49922002392528	1.75554309492666	0.00016234097341524	0.0123445855264109	0.0104965670482183	1787	tags=26%, list=11%, signal=23%	1843/54206/11170/3485/687/8313/8837/2309/6781/678/114907/836/6909/6446/79147/301/3624/3717/5604/5290/2660/7538/9353/1312/54541/1535/5447/654
GO:1902993	positive regulation of amyloid precursor protein catabolic process	23	0.719950972328643	1.92806974329003	0.000170889214157352	0.0128190003755062	0.0108999606867933	2375	tags=57%, list=14%, signal=48%	10418/9475/10048/836/114134/2043/54103/5970/3459/9619/1454/8301/4067
GO:0001942	hair follicle development	69	-0.512777027513997	-1.88403000465024	0.000177162080952792	0.0130361474250692	0.0110846002245229	1811	tags=35%, list=11%, signal=31%	596/94234/538/7474/1956/2252/4926/2263/3066/92344/4851/55504/4488/7042/2736/8861/6608/6662/2131/55366/2255/9079/3516/10468
GO:0045185	maintenance of protein location	59	0.581879939438199	1.87561390478639	0.000179818788853581	0.0130361474250692	0.0110846002245229	2567	tags=34%, list=15%, signal=29%	25777/2201/4052/55187/5905/100532736/4681/65018/79147/857/64083/11079/706/23353/207/11015/5371/51141/3098/3099
GO:0043583	ear development	163	-0.388921360372407	-1.64556114560965	0.000180829283323785	0.0130361474250692	0.0110846002245229	1715	tags=28%, list=10%, signal=26%	1909/5298/7474/5595/6385/121227/3714/51804/3199/25861/2263/63915/7020/4171/1856/2138/2737/6926/8100/3638/54806/55084/9890/2070/5818/4851/9935/182/7042/10194/84189/168667/116039/4094/11078/8642/6662/123016/6678/2255/5396/2048/220/3516/9497/9096
GO:0044321	response to leptin	17	0.77567477253062	1.94092609713933	0.000195455205275632	0.0139098954421158	0.0118275457551408	1333	tags=47%, list=8%, signal=43%	3625/8013/6774/3952/55022/890/51094/7357
GO:2001046	positive regulation of integrin-mediated signaling pathway	13	0.83765989119976	1.94950381803351	0.000201351911863982	0.0141481577564173	0.0120301395442784	683	tags=54%, list=4%, signal=52%	3908/4811/3912/55679/2316/2013/3915
GO:0030900	forebrain development	302	-0.328610349835065	-1.48577190654932	0.000205281622562067	0.0142439785855254	0.012111615731162	1606	tags=20%, list=10%, signal=18%	538/7474/2909/1956/79600/3337/100996763/317762/79625/266727/23236/80055/9638/259266/7832/7301/2044/9839/2263/25911/1385/57178/5728/5914/349667/22809/2737/23028/6926/2146/4851/2736/27086/80709/50937/477/5108/2049/6608/23135/4192/5592/546/7314/123016/6091/2131/2258/23657/1281/2255/1021/2048/220/3516/7846/10371/6387/886
GO:0007599	hemostasis	183	0.448426950880161	1.67825376365565	0.000208641707738939	0.0142983965389982	0.0121578871670098	2971	tags=40%, list=18%, signal=33%	10630/114897/302/10218/8323/7094/7414/10627/11234/710/160851/6722/10398/9068/3315/60/7057/2316/7103/928/71/79987/5156/84959/5795/5336/29071/79803/958/3717/2768/10855/2621/857/284/2776/5290/2159/51129/5638/5154/4627/65991/5478/3690/308/196527/3611/3570/11117/1192/50848/81542/558/10019/5578/1432/10867/4067/3710/2152/5291/80856/5627/5054/1311/8527/11093/6714/80274/8546/7099/2149
GO:0034762	regulation of transmembrane transport	296	0.398729930109676	1.57376664268189	0.000214498982474675	0.0145205347770356	0.0123467706985423	2389	tags=27%, list=14%, signal=23%	783/28999/2040/2180/8660/10060/7225/8013/5295/51422/1756/55829/3667/3952/10550/4205/81/7057/2316/9943/5781/5587/81671/2273/2783/65010/6717/9446/117532/10580/84959/6786/10312/55022/3688/5663/2890/5167/3764/11261/2887/857/51763/79026/1729/2185/252983/7009/801/8218/23596/57214/3790/3768/5797/481/1535/3690/196527/1318/817/51719/7402/23204/6253/6844/9465/55636/285966/207/1432/7871/4946/10105/3643/2281/1500/4067/5371
GO:0060485	mesenchyme development	257	-0.344556983136192	-1.5360434187799	0.000222742518368345	0.0148969122826829	0.0126668034541998	1824	tags=25%, list=11%, signal=22%	4194/596/223117/9037/1909/25800/7474/5595/3569/6910/51804/6275/80237/147906/9839/2263/3066/5728/26585/23028/4040/6926/6423/2146/1947/3084/4851/4017/9820/27250/4488/7148/182/7042/8463/2295/80709/183/114990/23414/7422/4088/80031/6608/677/4192/8642/7869/2022/54756/4193/3082/6662/57181/6091/2131/54796/2255/3516/10371/7472/6659/1277
GO:0006936	muscle contraction	251	0.406647549796425	1.57332951419481	0.000227239519760549	0.015016744930843	0.0127686968246404	2093	tags=27%, list=13%, signal=24%	783/25802/5021/309/10060/147/6332/9475/18/323/59/7171/1756/6781/6093/488/4637/6722/7169/800/10398/283383/2316/1760/2668/5587/23171/476/80005/1613/6717/9446/5286/2475/54795/1410/6909/1910/219931/79147/3764/857/5604/4660/3752/5290/26509/801/1264/5606/2017/7168/3768/7170/490/481/10087/8735/1147/817/30845/59341/7402/322/4638/1832/6641/6535
GO:0170044	non-proteinogenic amino acid catabolic process	15	0.800108866787009	1.93500441463441	0.000255918928545847	0.0165357061893863	0.0140602653961275	444	tags=33%, list=3%, signal=32%	18/102724560/5625/875/8659
GO:0150116	regulation of cell-substrate junction organization	72	0.549276527090493	1.82298388113868	0.000256182801709102	0.0165357061893863	0.0140602653961275	1651	tags=35%, list=10%, signal=31%	11170/2824/79834/9475/5295/7094/7414/94/6093/347/10979/7057/1845/23243/71/1613/382/5795/1072/23603/56940/9270/142684/6422/5879
GO:0045017	glycerolipid biosynthetic process	214	0.421941240386148	1.61705122651375	0.000262315165736603	0.0167369136207343	0.0142313515204226	3200	tags=36%, list=19%, signal=29%	3613/2180/10423/57104/5833/54764/5295/5562/129303/253558/160851/10555/5293/57153/8760/51099/5286/7376/5336/5277/8394/64419/51196/54675/84803/51763/221955/10162/5290/5154/23175/3949/10400/8678/65258/23761/27440/84992/51100/64900/23446/126969/284098/54928/8443/3612/1201/80235/64924/81542/80271/22908/2710/55326/57605/23659/9690/23556/9108/5279/56994/5291/171586/8813/3636/8527/1119/81490/9926/10554/9489/23411/8818/1609/5289/84188/94005
GO:0045446	endothelial cell differentiation	89	0.514932451606044	1.75625404622807	0.000267293631874075	0.0167649619070956	0.0142552009010073	2024	tags=34%, list=12%, signal=30%	10630/9414/9475/91663/51421/7414/94/6781/25932/11167/6093/8322/57493/80781/2876/8985/6935/84913/7026/1910/10855/694/4233/9223/55273/5802/5908/654/7082/50848
GO:0001525	angiogenesis	438	0.365105150818136	1.48636811168331	0.000268795101735095	0.0167649619070956	0.0142552009010073	2747	tags=34%, list=17%, signal=29%	9510/1282/302/7048/4240/1284/8325/9475/51564/4883/147372/51421/56917/2752/5598/6774/3491/290/94/688/196740/6303/64344/25932/1490/6093/388/3952/23576/347/6237/1890/6722/861/3315/5293/8322/7057/2013/3164/28996/5587/71/23670/8828/283/133/80781/5468/2876/5286/10516/5156/7855/4854/28984/6786/5795/3688/6943/10253/5159/301/958/1317/10014/11252/90627/1295/10855/4327/9369/3091/6772/857/284/2185/57211/5290/55742/54567/9525/51129/7128/1605/2246/9270/5154/694/8742/4627/9394/5797/6422/6095/116150/9353/7052/4881/506/55273/22905/57674/3690/29924/11117/204851/5970/10016/79602/11235/3716/1285/7837/27161/185/7082/14/30844/4162/161742/57142/207/5578/1432/10000/140862/9464/4882/1500/56005/5371/2152/8877/10163/6376/5291/79031/1012/3099/9146/5054/1948/2113/9444/6050/23328/7857
GO:0002064	epithelial cell development	158	0.439809023113481	1.62849947763773	0.000273492376526977	0.0168684020233472	0.0143431557467481	2420	tags=30%, list=15%, signal=26%	9414/23022/9475/6009/91663/54507/51421/59/7414/688/6781/25932/5339/6093/4643/51092/10653/2316/57493/196383/80781/2876/8985/7855/2487/1910/10855/3091/4825/4233/9223/10413/5802/5908/5879/654/1874/7082/50848/639/406/207/8826/118/2355/57669/2317
GO:0010720	positive regulation of cell development	329	-0.321661567151177	-1.47238500043806	0.000279416182027479	0.0170443871036762	0.0144927953754912	1823	tags=24%, list=11%, signal=22%	4311/596/841/9760/4076/196528/9037/55193/51043/1230/3569/5243/6046/6598/8792/26011/8744/118738/3635/1540/259266/80237/9839/9308/1385/57178/23654/3984/3066/23394/7071/2852/22891/1959/64221/5914/5789/6605/4803/9655/2737/23028/6666/3965/7424/1960/274/8140/22924/4851/9820/146433/2736/4131/50937/8111/3707/7422/140685/399665/6608/677/4192/100528062/5764/8651/6091/5270/22985/8153/11221/3976/6461/2048/1382/7472/6387/6659
GO:0009065	glutamine family amino acid catabolic process	15	0.797512147510804	1.92872444015643	0.000291627875032834	0.0175959384163833	0.0149617779364671	1337	tags=47%, list=8%, signal=43%	2744/2752/5625/23576/8659/137872/2746
GO:0008154	actin polymerization or depolymerization	161	0.443792661078981	1.64900502606753	0.00030910366752041	0.0184498328860838	0.0156878420504982	1810	tags=29%, list=11%, signal=26%	25802/11034/11170/23500/91663/10602/10810/10092/2006/55604/23189/2059/23075/10093/85464/8936/9948/832/64780/283/9645/130271/2475/23384/382/1072/1730/3717/7408/51734/2314/1729/2185/5290/10094/6709/23191/2017/79585/64423/9353/81624/5879/5216/8976/23406
GO:0071385	cellular response to glucocorticoid stimulus	44	0.607899599044291	1.85898216096957	0.000316391377832852	0.0185283972103078	0.0157546450788422	1573	tags=34%, list=9%, signal=31%	54206/11170/687/8313/8837/2309/6781/678/114907/6909/301/3717/2660/7538/54541
GO:0008654	phospholipid biosynthetic process	231	0.406952607645755	1.56933297844734	0.000317095610697035	0.0185283972103078	0.0157546450788422	3200	tags=34%, list=19%, signal=28%	3613/10423/5833/54764/5295/5562/94101/129303/253558/160851/10555/5293/57153/8760/166929/51099/142891/5286/5336/5277/8394/64419/54675/11261/84803/51763/9218/10162/5290/57515/5154/23175/10400/8678/11145/116150/65258/23761/27440/84992/51100/23446/126969/284098/54928/5467/8443/3612/1201/80235/64924/80271/22908/54344/55326/57605/9690/23556/9108/79644/5279/56994/5291/171586/8813/3636/8527/1119/128486/81490/9926/10554/9489/8818/1609/5289/84188/94005
GO:0090257	regulation of muscle system process	172	0.443415981054892	1.65124300131914	0.000321107323375736	0.0185673620006115	0.0157877767326403	1908	tags=28%, list=12%, signal=25%	783/54206/2308/309/8013/147/9475/29995/18/4883/2309/1756/6781/6093/488/6722/10398/4205/283383/114907/1760/5587/476/80005/1613/5468/6717/9446/54795/5465/7133/857/5604/4660/1605/801/1264/2017/2770/7168/2660/8678/490/481/817/30845/59341/32/9150
GO:0062013	positive regulation of small molecule metabolic process	130	0.47133985133318	1.70347184055448	0.000331578214355379	0.0189751615246053	0.0161345275438906	2273	tags=31%, list=14%, signal=27%	4837/2308/8660/5562/51422/1374/6774/195827/3667/160760/133/5468/2475/5255/7376/10580/55022/5465/65018/5663/23417/79660/3091/5604/5499/2246/22937/60481/64410/2770/4718/3837/654/5467/9619/185/11091/207/3481/3643
GO:0001886	endothelial cell morphogenesis	12	0.828210441972431	1.88531256921045	0.000348694024118875	0.0194041271634131	0.0164992758442281	1456	tags=67%, list=9%, signal=61%	51421/6781/25932/57493/80781/8985/4233/9223
GO:0007160	cell-matrix adhesion	200	0.428756839111798	1.63220546659405	0.000354263622786198	0.0194041271634131	0.0164992758442281	2709	tags=38%, list=16%, signal=32%	11170/2824/302/79834/9475/9358/5295/11037/8515/7094/7414/7791/4811/94/4771/1490/6093/347/6237/6722/10979/5310/604/7057/1845/1896/2013/23243/8516/71/1613/10516/79987/10580/50509/123720/5795/1072/3688/22795/8394/23603/10855/56940/2185/1435/613/1605/9270/2017/6422/3676/3690/3611/5879/11117/3672/59339/3655/8499/7402/87/23499/26073/3675/57669/6376/5291/683/8500/1012/3682/54453/5054/11093/54749
GO:0016054	organic acid catabolic process	198	0.429128328114306	1.62744625435151	0.000356552147481199	0.0194041271634131	0.0164992758442281	2842	tags=31%, list=17%, signal=26%	8660/2744/10157/18/102724560/7263/2752/51181/1374/35/5625/3667/3952/23576/875/4357/55862/4329/8659/137872/3939/3176/5465/587/36/23417/56922/6470/219743/2746/1737/11057/23175/1632/23464/1891/2108/10999/132789/64900/32/5467/2639/3030/80896/125061/3712/207/23659/55258/10449/64087/3028/51540/171586/390916/10840/1036/3032/197257/34/594
GO:0046395	carboxylic acid catabolic process	198	0.429128328114306	1.62744625435151	0.000356552147481199	0.0194041271634131	0.0164992758442281	2842	tags=31%, list=17%, signal=26%	8660/2744/10157/18/102724560/7263/2752/51181/1374/35/5625/3667/3952/23576/875/4357/55862/4329/8659/137872/3939/3176/5465/587/36/23417/56922/6470/219743/2746/1737/11057/23175/1632/23464/1891/2108/10999/132789/64900/32/5467/2639/3030/80896/125061/3712/207/23659/55258/10449/64087/3028/51540/171586/390916/10840/1036/3032/197257/34/594
GO:0030003	intracellular monoatomic cation homeostasis	385	0.368876342672455	1.48138849331027	0.000352355688779481	0.0194041271634131	0.0164992758442281	3014	tags=29%, list=18%, signal=25%	4502/261729/783/4501/79689/4493/309/7225/9709/55858/1756/6781/25932/4499/488/5311/7466/2316/1760/91252/8614/284612/5587/4609/476/65010/6717/9446/80762/858/84959/6786/10312/375/80024/219931/5336/958/1317/5663/1353/51196/533/11261/3091/120892/857/1729/2185/4891/527/7009/801/169200/6505/57419/57214/3708/3954/3709/490/7052/506/481/1535/83636/3690/286133/57130/79901/148867/1318/817/8992/654/6522/59341/5332/1657/1201/64924/535/57003/285195/55636/23545/51382/90550/63933/8301/2281/9217/4067/5371/3710/6376/5291/79572/57192/55647/58515/9481/57158/9997/203547/23241/55177/9474/8546/54499/2149/526/9187
GO:0044320	cellular response to leptin stimulus	14	0.802048569277443	1.90346154731015	0.000361606997837605	0.0194881596601606	0.0165707284445971	1333	tags=57%, list=8%, signal=53%	3625/8013/6774/3952/55022/890/51094/7357
GO:0046326	positive regulation of D-glucose import	29	0.678451816097707	1.89352998644182	0.000379501486304738	0.0202558918315154	0.0172235289938304	2273	tags=41%, list=14%, signal=36%	28999/8660/5295/3667/4205/5781/10580/8218/23596/207/1432/3643
GO:0055080	monoatomic cation homeostasis	444	0.35891067877892	1.46214194070488	0.000386793380784181	0.0204484767307904	0.0173872834028699	2506	tags=25%, list=15%, signal=22%	4502/261729/783/4501/79689/4493/309/7225/6332/9709/54757/55858/10699/1756/6781/25932/4499/488/5311/7466/2316/1760/91252/8614/284612/5587/4609/476/65010/6717/9446/80762/858/84959/6786/10312/375/80024/1910/219931/5336/958/1317/5166/5663/1353/51196/533/11261/3091/120892/857/1729/2185/4891/527/7009/801/169200/6505/57419/56996/57214/3708/3954/3709/490/7052/4881/506/481/1312/1535/83636/3690/286133/57130/79901/148867/1318/817/8992/654/6522/59341/6648/5332/1657/1201/64924/535/114781/57003/185/4669/285195/4302/55636/23545/51382/90550/63933/8301/2281/9217/4067/5371/3710/55503/6376/5291/249/79572
GO:0090596	sensory organ morphogenesis	213	-0.359652972165764	-1.57045133843801	0.000390680509081293	0.0204591274142477	0.0173963396496576	1392	tags=23%, list=8%, signal=21%	468/121227/5523/51804/3199/7070/25861/2263/63915/7020/3066/1856/10220/2138/2737/6926/6666/3638/54806/55084/5818/4851/221935/9935/197021/182/4237/10194/84189/116039/148398/2295/22882/50937/7422/1289/11078/3150/6662/123016/6678/2255/5396/2048/220/9096/7472/6659
GO:0010927	cellular component assembly involved in morphogenesis	95	0.501038838459304	1.724302505399	0.000407860054398067	0.0207709280914098	0.0176614629060447	1978	tags=29%, list=12%, signal=26%	25802/8837/11214/5339/6722/4628/10398/4205/928/5587/71/9948/5156/51778/3688/3267/5159/346653/2314/64753/54468/7168/23363/23405/8736/5819/8443/5573
GO:0032989	cellular anatomical entity morphogenesis	95	0.501038838459304	1.724302505399	0.000407860054398067	0.0207709280914098	0.0176614629060447	1978	tags=29%, list=12%, signal=26%	25802/8837/11214/5339/6722/4628/10398/4205/928/5587/71/9948/5156/51778/3688/3267/5159/346653/2314/64753/54468/7168/23363/23405/8736/5819/8443/5573
GO:0050801	monoatomic ion homeostasis	451	0.35471004802109	1.44590922674522	0.000402327816585138	0.0207709280914098	0.0176614629060447	2506	tags=25%, list=15%, signal=22%	4502/261729/783/4501/79689/4493/309/7225/6332/9709/54757/55858/10699/55861/1756/6781/25932/4499/488/5311/7466/2316/1760/91252/8614/284612/5587/4609/476/65010/6717/9446/80762/858/84959/6786/10312/375/80024/1910/219931/5336/958/1317/5166/5663/1353/51196/533/11261/3091/120892/857/1729/2185/4891/527/7009/801/169200/6505/57419/56996/57214/3708/3954/3709/490/7052/4881/506/481/1312/1535/83636/3690/286133/57130/79901/148867/1318/817/8992/654/6522/59341/6648/5332/1657/1201/64924/535/114781/57003/185/4669/285195/4302/55636/23545/51382/90550/63933/8301/2281/9217/4067/5371/3710/55503/6376/5291/249/79572
GO:0035633	maintenance of blood-brain barrier	30	0.683738816873942	1.92466814770405	0.000419066263005514	0.0209892524582871	0.0178471035134418	2024	tags=50%, list=12%, signal=44%	9414/3908/7414/1756/60/71/3915/3688/9069/284/58494/6505/7082/4669/50848
GO:0005978	glycogen biosynthetic process	38	0.617210438140932	1.83447296081858	0.000424571326385305	0.0209892524582871	0.0178471035134418	2808	tags=53%, list=17%, signal=44%	8660/7360/55829/3667/10580/2632/79660/5167/2887/51763/5499/178/5509/207/3481/3643/55276/2997/8908/34
GO:0009250	glucan biosynthetic process	38	0.617210438140932	1.83447296081858	0.000424571326385305	0.0209892524582871	0.0178471035134418	2808	tags=53%, list=17%, signal=44%	8660/7360/55829/3667/10580/2632/79660/5167/2887/51763/5499/178/5509/207/3481/3643/55276/2997/8908/34
GO:0003018	vascular process in circulatory system	204	0.415192280145563	1.57980619016188	0.000427271757842991	0.0209892524582871	0.0178471035134418	2008	tags=29%, list=12%, signal=26%	9414/5021/10060/147/9475/5562/8884/102724560/59/2730/387700/196740/5339/6093/3952/23576/875/10979/54407/6510/81539/5781/80005/133/2876/5286/79987/8985/54795/5795/3688/81031/1910/10257/3764/857/284/5604/114134/613/6505/57419/9270/8714/3676/9353/490/4881/10057/10999/9194/23446/3351/654/59341/3672/6648/5467/185/7082
GO:0034764	positive regulation of transmembrane transport	127	0.459707467867501	1.65339265295119	0.000434875280020976	0.0211753743806705	0.0180053624710439	1644	tags=23%, list=10%, signal=21%	783/28999/2180/8660/7225/8013/5295/3667/4205/81/2316/5781/81671/2273/65010/6717/9446/10580/6786/3688/5663/11261/857/8218/23596/57214/5797/481/196527
GO:0044272	sulfur compound biosynthetic process	105	0.488565943883982	1.70987650946895	0.000442581672604957	0.0213632249098271	0.0181650912582209	2655	tags=34%, list=16%, signal=29%	84532/2180/2687/102724560/2730/9200/55256/875/4357/64834/5166/80704/10560/27430/23417/201562/6505/1737/60481/5162/4144/5165/4522/494143/80347/4594/32/2639/9374/55902/47/1491/2328/1036/60386/4507
GO:0030330	DNA damage response, signal transduction by p53 class mediator	78	-0.482841154843825	-1.83522064014983	0.000451900081436432	0.0216249771728761	0.0183876584860341	1869	tags=31%, list=11%, signal=27%	602/4194/960/8533/387893/27330/1029/675/144455/5716/23028/4683/2305/55367/8493/16/7157/25946/4193/546/10769/83667/6659/1026
GO:1902991	regulation of amyloid precursor protein catabolic process	42	0.608535652161094	1.84001242798524	0.00046250528381283	0.0219433062431198	0.0186583328170646	2490	tags=48%, list=15%, signal=41%	10418/9475/6093/10048/2319/836/114134/2043/54103/5970/3459/23163/9619/1454/6253/57142/8301/4067/4915/5300
GO:2000027	regulation of animal organ morphogenesis	57	-0.491102107329202	-1.72366443980225	0.000480342753204566	0.0225964629071063	0.0192137101281827	1589	tags=32%, list=10%, signal=29%	7474/2252/51804/26585/6423/54806/183/7422/6608/3082/6662/6091/340419/55366/4982/2255/9500/7472
GO:0009611	response to wounding	438	0.359063413805211	1.46177178589863	0.000487019255482487	0.0227180158586831	0.0193170662678768	2505	tags=30%, list=15%, signal=26%	10630/3625/114897/302/5894/10218/8323/7094/7414/58189/6774/94/10627/11234/1490/5339/710/23189/678/1265/347/160851/6722/10979/4628/10398/9068/25987/3315/60/7057/5905/2316/7103/928/71/5468/2876/79987/2475/5156/836/27183/84959/5795/3688/5465/5336/28964/29071/128272/301/79803/958/3717/2768/10855/3091/2621/857/284/1398/79026/5604/2776/5290/2159/2043/9525/51129/7128/26509/1605/57591/6868/27346/6505/5638/2246/5154/11057/4627/7168/10413/65991/7538/5478/1312/5802/55207/3690/308/196527/3611/3570/5879/11117/57175/378/706/977/79602/8578/64332/6648/1192/5467/11235/1861/4638/4669/50848/81542/1832/4162/23499/558/10019/5578/1432/10867/8428/84292/4882/4067/3710/2152/94121/6376/5291/80856/29956
GO:0048839	inner ear development	142	-0.396156003667334	-1.65011274280172	0.000492031906046139	0.0227605759205177	0.0193532549711482	1650	tags=29%, list=10%, signal=26%	5298/7474/6385/121227/3714/51804/25861/2263/63915/7020/4171/1856/2138/2737/6926/8100/3638/54806/55084/9890/2070/5818/4851/9935/182/7042/84189/168667/4094/11078/8642/6662/123016/6678/2255/5396/2048/220/3516/9497/9096
GO:0019722	calcium-mediated signaling	154	0.432389720275086	1.59806286488312	0.000503814861624828	0.0231130272469373	0.0196529433625553	2699	tags=35%, list=16%, signal=30%	3632/29995/5562/5598/1756/488/11123/5032/5311/1760/5587/257194/79772/9446/2475/5156/5725/54795/2897/5795/51778/1910/219931/5336/5159/51196/2890/3764/11261/120892/53373/10645/801/1827/3708/3709/2274/481/55273/11163/51643/817/185/1238/90550/2281/3710/8877/683/3094/57192/1012/58515/57158
GO:0035335	peptidyl-tyrosine dephosphorylation	17	0.753578084164629	1.88563483251565	0.000545396185680892	0.0242469966690137	0.0206171544366321	2148	tags=53%, list=13%, signal=46%	1843/1847/1845/5781/5795/5782/5802/5780/23371
GO:0060986	endocrine hormone secretion	38	0.611157238817749	1.81648164084306	0.000536852363519364	0.0242469966690137	0.0206171544366321	2519	tags=45%, list=15%, signal=38%	3625/114897/80223/64855/3952/8322/9727/5781/5468/3624/140606/706/654/185/1588/55503/7110
GO:0008217	regulation of blood pressure	122	0.466733568899669	1.67390892933595	0.000546005149275215	0.0242469966690137	0.0206171544366321	1875	tags=32%, list=11%, signal=29%	9424/5021/10060/57085/6196/18/4883/59/290/10699/94/3952/23576/91608/2643/2013/5550/476/133/5468/4012/6446/5465/7026/1910/2768/3764/2621/5742/27131/128/7168/490/4881/1312/1535/11117/2767/6648
GO:0022900	electron transport chain	116	0.467722717859274	1.66534732834024	0.000540175759747128	0.0242469966690137	0.0206171544366321	5061	tags=53%, list=31%, signal=37%	5339/84883/7384/65018/4540/54949/10495/2108/5447/4519/4718/29103/6648/1346/27158/4719/83943/4694/23788/1347/4541/4729/4513/9997/10975/4697/54205/4514/4536/51103/4535/4539/6392/6391/4695/23369/9377/7386/92014/4712/4538/10514/4701/1537/6622/1351/29796/4698/4537/4708/4702/6390/4715/6389/1337/57215/4723/107075310/27069/51142/790955/4706
GO:0007405	neuroblast proliferation	58	-0.510890144632177	-1.80207797090376	0.000560824354008821	0.0245128818039604	0.0208432358340286	1422	tags=33%, list=9%, signal=30%	10890/259266/7832/747/2263/23654/2737/23028/4683/7424/4851/7157/80709/50937/7422/6608/5764/2258/9181
GO:0030168	platelet activation	101	0.490083411144039	1.70388728469962	0.000556513866058028	0.0245128818039604	0.0208432358340286	2689	tags=46%, list=16%, signal=38%	10630/114897/8323/7094/7414/10627/160851/6722/10398/3315/60/2316/928/71/79987/5156/84959/5795/5336/29071/958/3717/2776/5290/5154/4627/65991/5478/3690/3611/3570/11117/1192/50848/81542/558/10019/5578/1432/10867/4067/3710/5291/1311/8527/11093
GO:0048041	focal adhesion assembly	83	0.511396663888909	1.73049638747	0.000576081090897233	0.0249830166841448	0.0212429902268355	1651	tags=34%, list=10%, signal=31%	11170/2824/79834/9475/11037/7094/7414/94/6093/347/10979/7057/1845/23243/71/1613/10580/123720/5795/1072/8394/23603/56940/613/9270/2017/6422/5879
GO:0022411	cellular component disassembly	414	0.362848311905058	1.46477732258766	0.000586714539578935	0.0250562900857173	0.0213052943982319	2028	tags=21%, list=12%, signal=18%	10630/25802/11034/3306/57104/5295/10241/5562/3799/11037/6603/6774/4739/440738/55604/488/2059/23075/7465/23710/1845/11213/4609/4324/1984/1471/81671/9948/832/64780/5045/9645/84557/130271/3915/23384/27183/382/11096/9829/8775/3297/89927/1072/3688/90850/3480/55201/3831/285590/4327/2314/11345/7251/5290/2043/9525/5499/57724/5976/6709/801/26046/25851/23175/142684/89795/8678/11145/10211/23405/54541/81624/55139/4316/5879/9604/29904/59341/2580/1201/6711/65992/9100/2021
GO:0051960	regulation of nervous system development	341	-0.311360167761444	-1.41425022701714	0.000586798362663168	0.0250562900857173	0.0213052943982319	1589	tags=21%, list=10%, signal=19%	7474/3569/6356/8831/54674/6596/26011/118738/259266/7832/80237/7070/9839/23654/3984/8864/3066/57633/5728/23394/2852/22891/1959/64221/5914/5789/8553/4803/4776/7162/349667/2737/23028/2146/7424/5783/274/7058/23768/8140/22924/4851/9820/146433/7157/84189/4131/50937/7422/5108/2049/80031/6608/4192/100528062/26045/576/5764/6091/5270/2258/8153/11221/3976/131578/23767/2048/1382/7472/57722/6387
GO:0048193	Golgi vesicle transport	302	0.375648539558196	1.48490872211913	0.000598162628156085	0.0252248105586463	0.0214485868918772	3050	tags=29%, list=18%, signal=24%	6272/261729/10113/57222/9265/91461/55062/11031/10749/90522/64764/9727/5587/60684/381/1902/11070/85409/8775/123720/29097/9117/50999/5862/120892/10427/9218/11345/23760/10066/372/10134/10228/22937/127018/79585/9907/65258/10791/64083/1315/11079/114879/55207/5861/6102/63971/5870/30845/378/10016/9554/10564/56681/2580/23163/1201/6711/8774/9919/10067/6844/23499/207/53916/7109/11015/9217/6836/164/377/8615/27246/160/51124/58485/2664/23299/51014/9341/51128/54521/143187/1523/149371/55973/56605/6892
GO:0006873	intracellular monoatomic ion homeostasis	390	0.363032733809191	1.45890937264589	0.000599833362230465	0.0252248105586463	0.0214485868918772	3014	tags=29%, list=18%, signal=24%	4502/261729/783/4501/79689/4493/309/7225/9709/55858/1756/6781/25932/4499/488/5311/7466/2316/1760/91252/8614/284612/5587/4609/476/65010/6717/9446/80762/858/84959/6786/10312/375/80024/219931/5336/958/1317/5663/1353/51196/533/11261/3091/120892/857/1729/2185/4891/527/7009/801/169200/6505/57419/57214/3708/3954/3709/490/7052/506/481/1535/83636/3690/286133/57130/79901/148867/1318/817/8992/654/6522/59341/5332/1657/1201/64924/535/57003/285195/55636/23545/51382/90550/63933/8301/2281/9217/4067/5371/3710/6376/5291/79572/57192/55647/58515/9481/57158/9997/203547/23241/55177/9474/8546/54499/2149/526/9187
GO:0007423	sensory organ development	440	-0.29580924472511	-1.37663922253144	0.000618367115670142	0.0258086906698117	0.0219450585410757	1740	tags=21%, list=11%, signal=19%	775/1909/5204/27077/5298/79583/7474/5595/5089/2909/1956/6385/468/121227/3714/5523/51804/56006/3199/4810/7070/25861/9839/2263/63915/8864/7020/3066/4171/1856/10220/5914/7275/2138/2737/57545/6926/6666/8100/3638/54806/7431/26146/55084/10461/130916/9890/2070/5818/4851/221935/84440/9935/197021/182/9314/7042/4237/10194/84189/168667/116039/148398/2295/22882/50937/7422/1289/4094/11078/4088/6297/8642/3725/3150/10763/131544/6662/123016/4212/6678/54796/2255/5396/2048/220/3516/9497/9096/57381/7472/6659
GO:0097581	lamellipodium organization	80	0.519462780599204	1.74228463799553	0.000626689942865603	0.0259608647227385	0.0220744517188481	1759	tags=35%, list=11%, signal=31%	10630/3983/5295/10810/7414/55604/23189/8936/832/2475/10096/123720/51177/1072/3688/92154/23603/51196/5290/23191/2017/2660/64083/9353/26053/5879/57175/10097
GO:0071276	cellular response to cadmium ion	15	0.777468407320119	1.88025012951605	0.000641957597246035	0.026193691904979	0.0222724240301749	965	tags=40%, list=6%, signal=38%	4502/4501/4493/4499/3297/5536
GO:0022602	ovulation cycle process	40	0.614045574347932	1.83817382418901	0.000644015704687324	0.026193691904979	0.0222724240301749	1524	tags=32%, list=9%, signal=30%	9510/5806/2309/3952/6777/8322/6776/5156/836/3624/4327/2660/9353
GO:0040017	positive regulation of locomotion	480	0.345717558912575	1.41229704052482	0.000646466544943635	0.026193691904979	0.0222724240301749	2661	tags=31%, list=16%, signal=27%	9510/10630/171024/11170/23500/8660/25777/7048/8013/9475/51564/91663/5295/26012/147372/59/6774/3491/4739/9423/55604/117581/23604/388/3912/6237/23075/284119/10979/22800/81/85360/604/3315/5293/8322/7057/2316/9943/6776/5587/71/3603/80005/8828/1613/11149/5286/1902/2475/5156/4641/84913/382/8895/5795/1072/3688/65018/5336/10253/5159/301/5641/958/3480/3717/79846/2890/91/3091/2621/857/284/1398/5604/2185/58494/2159/2043/64115/1435/27/3918/6868/2246/5606/9270/5154/2017/4233/57214/2660/3676/116150/9353/506/4316/3690/158747/84299/196527/3570/5879/2526/8482/10016/5216/59341/977/6648/11235/3655/27161/65992/4638/7082/14/253260/4162/57142/90550/285966/207/5578/10000/80310/93185/3643/54910/79647/3675/4067/2152/57669/8877/10500/6376/10059/5291/80139/1012/79567/284114/2651/54453/58515/5054/3554
GO:0050435	amyloid-beta metabolic process	53	0.556911900106768	1.77440511396062	0.000657103369808658	0.0263674293759669	0.0224201525228902	2490	tags=38%, list=15%, signal=32%	10418/9475/6093/836/5663/114134/2043/54103/3949/8678/5970/3459/23163/9619/1454/6253/57142/8301/4915/5300
GO:0007266	Rho protein signal transduction	127	0.453777507249141	1.63206484341143	0.00066025449166986	0.0263674293759669	0.0224201525228902	1651	tags=28%, list=10%, signal=25%	10630/5894/9475/9411/10602/9423/5364/11214/6093/388/23189/2059/64283/10979/10928/604/57493/396/83892/1902/1072/3688/90627/2768/139818/120892/392/613/27/56990/8727/4233/23365/10211/5879
GO:1902905	positive regulation of supramolecular fiber organization	151	0.441115937691639	1.62360080632363	0.000668890482915633	0.0265215076476048	0.0225511648525842	1804	tags=26%, list=11%, signal=23%	25802/11034/171024/9475/10602/10174/9788/10810/4771/1490/55604/23075/10979/2316/8936/5587/9948/2876/1902/2475/382/28984/123720/1072/28964/5663/7408/2185/9270/23191/2017/4233/89795/7168/6422/5879/22919/5216/59341
GO:0000045	autophagosome assembly	138	0.446612837963883	1.62681997538874	0.000698108997232429	0.0271685927307085	0.0231013795152124	3273	tags=39%, list=20%, signal=32%	6009/54764/5562/440738/9706/23032/488/55062/23673/23710/81671/9531/84557/2475/10312/65018/5663/79065/120892/11345/8454/340061/58476/26100/987/9907/8678/8987/162427/5861/51100/60673/55054/9554/7874/5899/165324/23130/9690/2033/83460/10670/11152/10043/57521/9776/23241/9474/29979/64121/5289/83734/9978/57154
GO:0015850	organic hydroxy compound transport	181	0.425259700061567	1.59436563590435	0.000690910517721203	0.0271685927307085	0.0231013795152124	2006	tags=30%, list=12%, signal=27%	2824/114897/302/18/23673/10928/25987/60/57153/2668/5781/65010/5045/5468/7376/27183/6646/24/65018/219931/10257/10227/80704/140606/10560/4864/857/9218/114134/4792/29801/338/9525/27346/8714/57614/3949/116150/7052/1312/114879/55207/3690/9194/23446/3351/5865/706/654/6256/32/1861/9619/185
GO:0009314	response to radiation	381	-0.301042097542666	-1.38204297222512	0.000699893489549867	0.0271685927307085	0.0231013795152124	2176	tags=22%, list=13%, signal=20%	351/94241/3815/8692/7040/6310/1408/2903/11190/3727/5961/7076/602/2074/4311/596/4312/4313/1788/63979/5796/143570/1956/58493/6356/65009/8533/8831/84446/468/785/10715/51149/1643/6354/4436/4216/3428/1385/1958/8864/5481/675/8553/25896/2138/4776/894/10347/23028/85461/84328/6423/8493/90427/2189/64710/672/83759/5429/7439/1153/51435/7157/5602/83695/3592/477/27113/5111/3150/3269/4193/8863/7508/2131/4212/23657/1281/84152/7158/4239/7846/1026/7412
GO:0071280	cellular response to copper ion	16	0.749514060035082	1.84881844146156	0.000717140037712185	0.0276447524259746	0.0235062567916772	813	tags=38%, list=5%, signal=36%	4502/4501/4493/4499/84557/3297
GO:0014823	response to activity	71	0.532313701877911	1.76433989953397	0.000769786733899626	0.0294187594950205	0.025014690112862	2148	tags=39%, list=13%, signal=34%	302/10060/1284/5562/2730/3952/5019/54407/847/7384/3297/1072/3688/79147/10014/3091/114789/5290/1605/2660/867/1535/3690/654/6648/5467/51719/23371
GO:0030048	actin filament-based movement	103	0.480436604517574	1.67341153086375	0.000773759482304629	0.0294187594950205	0.025014690112862	1835	tags=28%, list=11%, signal=25%	783/10630/25777/10060/6332/59/6781/6093/488/4637/4628/81/2316/2013/23171/476/6717/4641/54795/3764/857/3752/5290/55742/4627/7168/817/8976/54874
GO:0050927	positive regulation of positive chemotaxis	22	-0.66055693597757	-1.90452753108999	0.000788199751332887	0.0295981456991272	0.0251672217077789	1667	tags=41%, list=10%, signal=37%	5228/2277/7424/7422/4088/3673/1901/2255/6387
GO:0051893	regulation of focal adhesion assembly	64	0.546688522261334	1.78762370230356	0.000794473736114205	0.0295981456991272	0.0251672217077789	1651	tags=34%, list=10%, signal=31%	11170/2824/79834/9475/7094/7414/94/6093/347/10979/7057/1845/23243/71/1613/5795/1072/23603/56940/9270/6422/5879
GO:0090109	regulation of cell-substrate junction assembly	64	0.546688522261334	1.78762370230356	0.000794473736114205	0.0295981456991272	0.0251672217077789	1651	tags=34%, list=10%, signal=31%	11170/2824/79834/9475/7094/7414/94/6093/347/10979/7057/1845/23243/71/1613/5795/1072/23603/56940/9270/6422/5879
GO:0036018	cellular response to erythropoietin	11	0.823781451909299	1.84144022033475	0.000864139182095741	0.0305530993618692	0.0259792161751076	970	tags=45%, list=6%, signal=43%	4502/4501/6777/958/3717
GO:0071384	cellular response to corticosteroid stimulus	52	0.554589016600129	1.76362420693739	0.000858198111946175	0.0305530993618692	0.0259792161751076	1573	tags=31%, list=9%, signal=28%	54206/11170/687/8313/8837/2309/6781/678/114907/6909/6446/301/3717/2660/7538/54541
GO:0007009	plasma membrane organization	136	0.456666542493804	1.66296851988103	0.000835146298701072	0.0305530993618692	0.0259792161751076	1956	tags=31%, list=12%, signal=27%	302/57194/727910/9788/2054/5339/488/4628/2013/284612/928/8560/81671/7417/27183/858/10955/123720/53947/257364/11252/79065/92154/57088/857/79026/30846/9525/26509/7357/4627/347735/81037/10211/55207/51100/196527/3611/8976/54874/1201/6711
GO:0031099	regeneration	143	-0.387205748144585	-1.61119420846059	0.000863507288662135	0.0305530993618692	0.0259792161751076	1949	tags=24%, list=12%, signal=21%	4147/2896/596/4313/83999/3569/8324/4756/7070/6583/9315/349667/2146/3371/8140/4851/4814/9314/4131/607/4192/55959/3725/5111/5764/5738/4974/10631/11221/2255/5396/4856/6387/1026
GO:0045229	external encapsulating structure organization	262	0.389325428225638	1.51526715706694	0.000854841854987943	0.0305530993618692	0.0259792161751076	1614	tags=23%, list=10%, signal=21%	9510/10630/5806/3908/83716/1282/2824/302/1301/1284/323/8313/54507/10218/8837/6774/3491/4811/2006/9509/3912/4643/1286/861/1805/10653/4015/11173/8516/4324/1471/5045/5468/3915/10516/59277/5156/8985/11096/858/28984/50509/1290/3688/22795/81031/79147/7133/285590/4327/2621/857/10049/1605/23187/79709/118429/9508/10211/4316/3690
GO:0009101	glycoprotein biosynthetic process	244	0.388093626990119	1.50513579801174	0.000844424492794506	0.0305530993618692	0.0259792161751076	3238	tags=35%, list=20%, signal=29%	285203/26035/117248/55858/56548/66008/4245/51301/64689/9445/9953/8707/10318/9945/23169/51465/84002/4121/8985/9653/9469/85365/6646/83857/2590/81031/29071/79147/11261/51363/26229/284/11046/7358/201595/79709/27090/6184/9394/116150/64083/10724/9334/337876/170384/63917/113189/2526/7841/6185/55790/79586/27161/55454/23193/26574/5373/58505/54344/9917/347734/29880/5074/79644/8708/5372/957/8813/374907/2651/11282/1603/29940/10678/55501/8693/10090/283464/145173/2650/8818/55624/10195/1499/55568/658
GO:0048762	mesenchymal cell differentiation	211	-0.346411478752911	-1.50309862755665	0.000843408563382868	0.0305530993618692	0.0259792161751076	1811	tags=25%, list=11%, signal=23%	596/223117/9037/1909/25800/7474/5595/3569/6910/6275/80237/147906/9839/2263/3066/5728/26585/23028/4040/6926/6423/2146/1947/3084/4851/4017/9820/27250/4488/7148/182/7042/2295/80709/183/114990/7422/4088/80031/6608/4192/7869/2022/54756/3082/6662/57181/2131/2255/3516/10371/7472/1277
GO:0098771	inorganic ion homeostasis	388	0.362376715930134	1.4573369503989	0.000847878691636618	0.0305530993618692	0.0259792161751076	2506	tags=26%, list=15%, signal=22%	4502/261729/783/4501/79689/4493/309/7225/6332/9709/54757/55858/2752/10699/1756/6781/4499/488/5311/7466/2316/1760/91252/8614/284612/5587/4609/476/6717/9446/80762/858/84959/6786/10312/375/80024/1910/219931/5336/958/1317/5663/51196/5167/3091/857/1729/2185/4891/7009/801/169200/6505/57419/56996/57214/3708/3954/3709/490/7052/4881/481/1312/1535/83636/3690/286133/57130/79901/148867/1318/817/654/59341/6648/5332/1201/64924/114781/57003/185/4669/4302/55636/23545/90550/63933/8301/2281/9217/4067/5371/3710/55503/6376/5291/249/79572
GO:0048663	neuron fate commitment	38	-0.564984851776178	-1.82663513093634	0.000874719442515801	0.0307314406671216	0.0261308592954088	1355	tags=34%, list=8%, signal=31%	3714/2138/2737/10919/4851/25925/7042/51684/2736/8543/6662/5396/3516
GO:0016197	endosomal transport	280	0.376304772392676	1.47686084135138	0.000919057771537208	0.0320860986780065	0.0272827212682743	3387	tags=32%, list=20%, signal=26%	6272/22836/4771/23673/23585/91056/54918/137492/8934/9727/2013/11149/27183/382/404636/84079/27342/257364/23603/80148/55111/120892/392/11021/5604/7251/54741/30846/9525/57724/27131/25963/27147/23258/8218/64129/10228/84661/10938/65977/9907/8678/81624/55207/5870/30845/10311/27352/55773/83874/23163/23325/7874/83547/5869/30844/53916/84910/8301/7109/51028/164/55658/124997/51201/9146/144717/10043/5878/63893/9341/5605/7813/6453/143187/150368/6714/79628/201475/64284/757/9230/5289/10807/5872/57132/30849/57679/91782
GO:0016236	macroautophagy	379	0.363475170630541	1.4585201503319	0.000926671892092155	0.0321497229562722	0.0273368208167186	3423	tags=34%, list=21%, signal=27%	6009/54764/10241/5562/440738/9706/23032/488/55062/55187/23673/23710/137492/160760/81671/9531/84557/2475/836/7855/27183/550/291/10312/340371/823/65018/5663/79065/64419/4864/533/5862/3091/120892/529/11345/7251/5290/285636/5049/9525/527/57724/27131/8454/801/10193/340061/23367/25934/25851/2017/826/58476/26100/987/9907/8678/8987/162427/81624/55207/57674/5861/51100/100287932/60673/8992/55054/706/9554/23111/1201/51368/65992/535/7874/5899/1965/26073/23545/51382/207/528/165324/23130/55432/9690/2033/51028/192111/60592/83460/124997/10059/10670/11152/57192/3099/9146/79594/10043/57521/9776/143187/23241/80279/6714/9474/149371/526/29979/9711/23411/7416/10015/64121/5289/83734/9978/57154/57132/30849/91782/4077/25989
GO:0045010	actin nucleation	51	0.572874180829911	1.80824739982948	0.000936521544990357	0.0322896341381458	0.0274557869090341	2075	tags=33%, list=13%, signal=29%	25802/10810/10092/55604/10093/8936/2764/10096/123720/375/10094/23191/81624/57175/10097/23325/10787
GO:0060627	regulation of vesicle-mediated transport	435	0.347246847556019	1.41282992419159	0.000947861406591006	0.0324788806665844	0.0276167027105528	2924	tags=29%, list=18%, signal=24%	5806/302/88455/5562/284654/11037/6774/91461/93664/4771/6093/488/1265/11031/60/8934/9727/9805/5587/203190/396/71/79772/64780/11149/64854/1902/7376/836/27183/382/9829/404636/84079/3092/5795/27342/375/57617/219931/5336/28964/257364/301/5663/11252/120892/392/2621/857/284/5604/7251/30846/10094/9525/613/27/127018/10938/867/6311/5414/7052/10211/1535/5908/3690/196527/5879/9882/5865/29091/29904/8976/977/27352/1861/1201/114781/7874/8499/4638/1175/9846/5869/30844/6844/868/558/207/5578/53916/5867/8301/3643/9545/79363/4067/164/55503/8877/94121/51201/5291/1012/9146/160/5054/8527/5358/5878/1948/84896/22943/5605/54521/140885/1173/6453/6714/9474/23332/79628/80331
GO:0050849	negative regulation of calcium-mediated signaling	17	0.743221293430436	1.85971963438045	0.000988862492652022	0.0330251430265476	0.0280811880895883	1532	tags=47%, list=9%, signal=43%	3632/5598/2475/51778/11261/1827/3708/2274
GO:0110053	regulation of actin filament organization	236	0.395406181438932	1.53158102439857	0.000970799125048924	0.0330251430265476	0.0280811880895883	2075	tags=26%, list=13%, signal=23%	25802/11034/171024/23500/9475/91663/5295/10602/10174/9788/10810/4771/10092/2006/1490/55604/6093/23189/2059/23075/10979/85464/2316/8936/71/2764/9948/832/130271/1902/2475/23384/382/28984/123720/1072/375/7408/2314/51763/2185/5290/10094/6709/9270/23191/2017/4233/7168/6422/9353/5879/57175/5216/23406/23325/6711/7082/50848/253260/10787
GO:0030198	extracellular matrix organization	260	0.389639006819748	1.5166142624557	0.000987588456480228	0.0330251430265476	0.0280811880895883	1614	tags=23%, list=10%, signal=22%	9510/10630/5806/3908/83716/1282/2824/302/1301/1284/323/8313/54507/10218/8837/6774/3491/4811/2006/9509/3912/4643/1286/861/1805/10653/4015/11173/8516/4324/1471/5045/5468/3915/10516/59277/5156/8985/11096/858/28984/50509/1290/3688/22795/81031/79147/7133/285590/4327/2621/857/10049/1605/23187/79709/118429/9508/10211/4316/3690
GO:0043062	extracellular structure organization	260	0.389639006819748	1.5166142624557	0.000987588456480228	0.0330251430265476	0.0280811880895883	1614	tags=23%, list=10%, signal=22%	9510/10630/5806/3908/83716/1282/2824/302/1301/1284/323/8313/54507/10218/8837/6774/3491/4811/2006/9509/3912/4643/1286/861/1805/10653/4015/11173/8516/4324/1471/5045/5468/3915/10516/59277/5156/8985/11096/858/28984/50509/1290/3688/22795/81031/79147/7133/285590/4327/2621/857/10049/1605/23187/79709/118429/9508/10211/4316/3690
GO:0007611	learning or memory	201	-0.346291861819154	-1.49274725808472	0.000993550510796874	0.0330251430265476	0.0280811880895883	2700	tags=31%, list=16%, signal=26%	348/10522/2055/50944/161582/4208/567/590/5176/8704/3776/351/3815/157680/6310/2903/3356/1620/2925/5621/4311/80863/41/10857/57528/1956/6356/65009/8831/84446/23236/10231/1742/7832/92521/1385/5728/23394/4776/7162/894/10347/85461/814/6326/114/477/25946/4192/100528062/5764/3269/4212/2258/10769/23152/23657/84152/4130/107/2048/7846
GO:0008542	visual learning	40	-0.564384550122199	-1.84979289041264	0.00100453827458722	0.0331916188228193	0.0282227420003076	2314	tags=40%, list=14%, signal=34%	8704/351/3815/6310/2903/65009/8831/1385/10347/85461/477/3269/4212/23657/84152/7846
GO:0071236	cellular response to antibiotic	10	-0.814536359019134	-1.90274353400085	0.00102099875210629	0.0333386121937767	0.0283477300584806	2833	tags=70%, list=17%, signal=58%	6548/4208/5243/2146/7157/4193/5321
GO:0015748	organophosphate ester transport	143	0.444404463004572	1.629705334451	0.00101934725603755	0.0333386121937767	0.0283477300584806	2989	tags=38%, list=18%, signal=31%	57194/23169/81671/286410/55343/7417/81034/291/10955/24/26207/24145/10257/79065/23200/388121/80148/57088/114789/84725/9218/23760/11046/57724/9197/3949/347735/81037/10087/10057/114879/196527/55508/55032/161291/8036/9619/153768/23443/57605/347734/85019/1622/51228/29957/7355/60386/27166/254228/9854/92579/63982/54020/5306
GO:0031032	actomyosin structure organization	177	0.421879036152338	1.57407408725431	0.00105037553715712	0.0340972784021003	0.0289928218443368	2024	tags=27%, list=12%, signal=24%	25802/9475/5295/8837/10174/7791/4771/11214/2006/1490/5339/55604/6093/1265/6722/10979/4628/10398/4205/5587/71/9948/1902/2475/5156/27183/10580/28984/51778/3688/5159/9124/2314/51763/1264/1266/9270/4233/4627/7168/6422/23363/5879/5216/8736/5573/7082/50848
GO:0042770	signal transduction in response to DNA damage	193	-0.347183808880428	-1.48948457299517	0.00107873952804976	0.0348144367453734	0.0296026196069469	2621	tags=25%, list=16%, signal=22%	1263/972/1457/5514/54962/51776/5608/51147/6615/27339/602/2074/4194/8525/960/5595/8533/84446/387893/27330/1029/51149/4436/675/63967/25896/144455/5716/23028/4683/2305/55367/8493/16/672/8870/83666/7157/79858/83695/25946/4193/546/7508/10769/83667/7158/6659/1026
GO:0034314	Arp2/3 complex-mediated actin nucleation	42	0.586685929958287	1.77394602701364	0.0011282633945559	0.0354330181223009	0.0301285976467772	2913	tags=43%, list=18%, signal=35%	10810/10092/55604/10093/8936/2764/10096/123720/375/10094/23191/57175/10097/23325/10787/10163/6050/9873
GO:0034205	amyloid-beta formation	42	0.586631658198724	1.77378192699464	0.0011282633945559	0.0354330181223009	0.0301285976467772	2490	tags=43%, list=15%, signal=37%	10418/9475/6093/836/5663/114134/2043/54103/5970/3459/23163/9619/1454/6253/57142/8301/4915/5300
GO:0032881	regulation of polysaccharide metabolic process	38	0.593935141460102	1.76529412038189	0.00112132023520478	0.0354330181223009	0.0301285976467772	2664	tags=45%, list=16%, signal=38%	8660/55829/3667/5255/10580/79660/5167/2887/51763/5499/5509/207/3481/3643/7262/160/3795
GO:0006470	protein dephosphorylation	68	0.527456861851482	1.73784588917067	0.0011355531432519	0.0354330181223009	0.0301285976467772	2278	tags=31%, list=14%, signal=27%	1843/5500/8555/1847/85464/1845/5781/5495/5795/5516/5536/5499/5782/54949/5802/26469/5791/9150/5780/23371/9108
GO:0043500	muscle adaptation	83	0.497757066807173	1.6843418558839	0.0011172258169744	0.0354330181223009	0.0301285976467772	1908	tags=29%, list=12%, signal=26%	28999/54206/2308/8013/9475/29995/8837/2309/6093/488/4205/114907/5468/51778/5465/5159/7133/1605/2660/8678/1535/817/32/9150
GO:0044282	small molecule catabolic process	297	0.375098472603231	1.48076373309544	0.00113620558922168	0.0354330181223009	0.0301285976467772	2842	tags=28%, list=17%, signal=24%	84532/8660/2744/10157/18/102724560/7263/2752/51181/1374/35/5625/3667/3952/23576/875/4245/5019/4357/55862/4329/8659/137872/3939/3176/219/256356/5465/587/9583/36/23417/56922/6470/221/219743/2746/1737/11057/23175/1632/128/10413/23464/1891/2108/10999/132789/217/64900/4860/51302/2526/8578/32/5467/2639/3030/80896/125061/3712/2710/207/23659/55258/79644/55902/10449/4041/64087/3028/51540/171586/390916/3098/3099/10840/1036/51071/3032/197257/5236/34/594
GO:0050926	regulation of positive chemotaxis	23	-0.65539122544563	-1.90935030991131	0.001146014552622	0.0355392557631548	0.0302189312199767	1667	tags=39%, list=10%, signal=35%	5228/2277/7424/7422/4088/3673/1901/2255/6387
GO:1900024	regulation of substrate adhesion-dependent cell spreading	55	0.556578047597231	1.77731223122106	0.00116902917788511	0.0360515609246681	0.0306545428867652	1651	tags=31%, list=10%, signal=28%	10630/91663/4739/55604/23189/55679/10979/81/2316/80005/5881/23603/1398/9270/3690/3611/5879
GO:0045913	positive regulation of carbohydrate metabolic process	67	0.535623466311961	1.76345476032668	0.00118767517509114	0.0361725435022026	0.0307574140389833	1181	tags=22%, list=7%, signal=21%	4837/2308/8660/5562/51422/195827/3667/2475/5255/10580/5465/5663/79660/3091/5499
GO:0033627	cell adhesion mediated by integrin	60	-0.484383938349766	-1.74045060137809	0.00119250143413855	0.0361725435022026	0.0307574140389833	958	tags=20%, list=6%, signal=19%	3696/6423/5328/7042/1307/3673/2131/3976/4856/8613/22801/7412
GO:0070527	platelet aggregation	57	0.540511449974432	1.7378229500412	0.00119184261813699	0.0361725435022026	0.0307574140389833	2477	tags=49%, list=15%, signal=42%	10630/114897/7094/7414/10627/10398/3315/60/2316/928/71/5156/84959/3717/4627/5478/3690/3611/3570/11117/1192/50848/81542/10019/5578/10867/4067/5291
GO:0042743	hydrogen peroxide metabolic process	31	0.638533861196088	1.80992575780198	0.00120004237372219	0.0362034522637602	0.0307836956737431	1937	tags=39%, list=12%, signal=34%	2878/6774/847/2876/65018/4129/9588/1535/5879/10935/6648/7837
GO:0048146	positive regulation of fibroblast proliferation	49	-0.522604832796768	-1.7817228356103	0.00121683819810056	0.0365117234467903	0.0310458178109981	556	tags=20%, list=3%, signal=20%	57124/183/3725/3976/2255/1021/1019/56034/7472/1026
GO:0034599	cellular response to oxidative stress	229	0.40127151117366	1.54859729176845	0.00122611502652539	0.0365922823238839	0.0311143168021496	2468	tags=28%, list=15%, signal=24%	2308/7225/5562/2309/2861/5598/2054/154807/55829/388/488/4217/84883/10550/5311/2643/5587/2936/847/2119/2876/84557/10516/5156/29920/3297/1072/65018/79899/5536/3091/120892/4891/10645/50640/27/221/7128/8454/6505/4233/7168/8678/5478/55139/5970/10935/6648/59338/11235/79956/4669/2021/4779/1965/406/207/5074/10105/80310/8428/51526/5371/8877/29957
GO:0022904	respiratory electron transport chain	107	0.468102059069581	1.64599853331887	0.00126076257461403	0.0374250965330614	0.0318224564287606	5061	tags=54%, list=31%, signal=38%	5339/84883/7384/65018/4540/54949/2108/4519/4718/29103/6648/1346/4719/83943/4694/23788/1347/4541/4729/4513/9997/10975/4697/54205/4514/4536/51103/4535/4539/6392/6391/4695/23369/9377/7386/92014/4712/4538/10514/4701/1537/6622/1351/29796/4698/4537/4708/4702/6390/4715/6389/1337/4723/107075310/27069/51142/790955/4706
GO:0016482	cytosolic transport	134	0.444952499782836	1.61989666112855	0.00129852987372957	0.0381481189710416	0.0324372404149372	2856	tags=33%, list=17%, signal=27%	6272/22836/3799/4133/55062/10749/8934/26115/219931/80148/55111/120892/27131/25963/27147/23258/8218/10228/79585/65977/9907/55207/5870/30845/10097/55773/2580/83874/1201/7874/8499/53916/84910/7109/164/55658/160/23095/144717/63893/9341/7813/143187/150368
GO:0035966	response to topologically incorrect protein	164	0.418262802110885	1.55230684797347	0.00130573637263518	0.0381481189710416	0.0324372404149372	2929	tags=32%, list=18%, signal=26%	11080/3306/9709/5295/467/8202/55829/23471/3315/7466/8988/7057/64764/8614/9531/3297/51768/857/54788/5611/57724/7009/201595/23456/92305/79982/79139/27129/51643/121506/80267/6256/79956/65992/27248/23071/1965/207/4189/10000/55432/9217/1491/55658/3316/1311/27348/7873/9695/80279/55284/267
GO:0006644	phospholipid metabolic process	325	0.368902677610253	1.46314611587712	0.00130324216240103	0.0381481189710416	0.0324372404149372	3204	tags=33%, list=19%, signal=27%	3632/3613/10423/5833/54764/5295/5562/247/94101/129303/253558/160851/10555/5293/57153/8760/166929/51099/142891/5286/7376/151056/5336/5277/8394/253430/64419/51196/388121/54675/9588/11261/84803/51763/9218/10162/5290/5320/50640/57515/5154/23175/3949/10400/8678/347735/11145/116150/65258/23761/27440/84992/114879/51100/23446/126969/57406/284098/54928/5332/5467/3030/8443/3612/1201/80235/64924/80271/22908/27163/81537/54344/55326/5333/57605/23659/9690/23556/9108/79644/51573/1622/90809/5279/56994/5291/171586/8813/3636/8527/1119/128486/81490/9926/10554/131118/9489/8398/26090/6901/8818/1609/5289/55627/84188/94005/375775
GO:0072331	signal transduction by p53 class mediator	181	-0.352784359585647	-1.51420736393186	0.00132646058215603	0.0383499098518131	0.0326088226446691	1951	tags=22%, list=12%, signal=20%	7994/602/4194/596/29965/960/8533/387893/55170/27330/1029/80237/4436/3428/26471/1856/675/4291/23368/144455/5716/23028/4683/2305/55367/8493/16/7157/25946/27113/4193/546/7314/10769/83667/7158/60401/624/6659/1026
GO:0062197	cellular response to chemical stress	292	0.378162557459541	1.48869532848798	0.00132103202025804	0.0383499098518131	0.0326088226446691	2468	tags=28%, list=15%, signal=25%	54206/2308/10060/7225/6332/5562/2309/2861/5598/2054/154807/55829/5339/388/488/4217/84883/10550/5311/9943/2643/5587/2936/847/2119/476/2876/84557/10516/2475/5156/836/29920/3297/1072/65018/79899/5536/3091/120892/857/5290/4891/10645/8531/50640/27/221/7128/8454/6505/4233/3954/7168/8678/1654/5478/55139/5970/10935/706/59341/6648/59338/11235/79956/1201/51719/4638/4669/2021/4779/1965/406/207/5074/10105/80310/8428/51526/5371/8877/29957
GO:0006754	ATP biosynthetic process	98	0.478904704037285	1.65077895488943	0.00136937743308721	0.0391019535232594	0.0332482833056719	5166	tags=52%, list=31%, signal=36%	51422/6774/55022/5465/65018/1353/5604/84833/10476/527/4540/506/4718/4719/4694/3988/4541/4729/60343/509/4536/27109/4535/6901/4539/6392/6391/30968/4695/518/4508/522/4712/4538/4701/65990/516/4698/4537/4708/4702/6390/4715/6389/515/4723/2023/790955/4706/521/513
GO:0008286	insulin receptor signaling pathway	116	0.449206438545698	1.59941930066863	0.00136541684396061	0.0391019535232594	0.0332482833056719	2273	tags=32%, list=14%, signal=28%	2308/8660/5894/5295/5562/3667/23189/3952/5781/5286/2475/10580/858/5795/55022/5166/3480/81565/1979/5167/2887/51763/5290/6655/51094/27131/252983/64397/2660/10999/5970/5791/23371/207/3481/10000/3643
GO:0048593	camera-type eye morphogenesis	108	-0.400156723459388	-1.59199886667589	0.00138064905252366	0.0391019535232594	0.0332482833056719	1392	tags=22%, list=8%, signal=20%	468/7070/7020/10220/2737/6666/54806/5818/4851/221935/197021/182/148398/2295/22882/50937/7422/3150/6662/123016/2048/220/7472/6659
GO:0062012	regulation of small molecule metabolic process	277	0.373072038659522	1.46035981159176	0.00137972110415564	0.0391019535232594	0.0332482833056719	2292	tags=26%, list=14%, signal=23%	4837/114897/2308/8660/5562/51422/1374/6774/195827/55829/3667/3952/2644/57486/160760/133/5468/2475/5255/7376/10580/55022/5465/65018/28964/5166/23541/5663/23417/79660/9563/3091/857/5604/139735/10162/338/51094/5499/51129/2327/219743/90956/2246/22937/60481/2271/64410/2770/3949/6095/54541/5165/4718/3837/706/654/32/5467/1201/9619/27122/7874/185/4779/11091/207/51341/3481/5903/23038/3643/2033
GO:0048311	mitochondrion distribution	19	0.714393387405541	1.82513545524944	0.00142767852519197	0.040228647174318	0.0342063078117061	2474	tags=42%, list=15%, signal=36%	3799/66008/4205/5310/120892/23277/10867/10059
GO:0044273	sulfur compound catabolic process	27	0.649804699631787	1.79461386718051	0.00146837169474572	0.0411663195835024	0.0350036080767666	2809	tags=37%, list=17%, signal=31%	2687/102724560/7263/875/4357/23417/494143/390916/1036/128486
GO:1902003	regulation of amyloid-beta formation	35	0.616273362393884	1.80918257534454	0.00147921216502833	0.0412618428546345	0.0350848312509232	2490	tags=49%, list=15%, signal=41%	10418/9475/6093/836/114134/2043/54103/5970/3459/23163/9619/1454/6253/57142/8301/4915/5300
GO:0007632	visual behavior	46	-0.532958033924649	-1.80009603844007	0.00150618492863222	0.0418041626941873	0.0355459643157204	2314	tags=35%, list=14%, signal=30%	8704/351/3815/6310/2903/65009/8831/1385/10347/85461/477/3269/4212/23657/84152/7846
GO:0048009	insulin-like growth factor receptor signaling pathway	45	0.573493605055211	1.75804551953297	0.0015163083948723	0.0418571035091317	0.035590979744749	2199	tags=33%, list=13%, signal=29%	3485/8660/5894/5295/3667/8483/51232/3480/2887/5604/5290/64599/207/3489/3481
GO:0030041	actin filament polymerization	135	0.443725391443338	1.61887075260585	0.00152317328568629	0.0418571035091317	0.035590979744749	2075	tags=30%, list=13%, signal=27%	25802/11170/23500/91663/10602/10810/10092/2006/55604/23189/2059/10093/85464/8936/832/283/2475/382/1072/1730/3717/7408/51734/2314/1729/2185/10094/6709/23191/2017/79585/64423/9353/81624/5879/5216/8976/23406/6711/253260/10787
GO:0045648	positive regulation of erythrocyte differentiation	30	0.64390474881591	1.81253854486054	0.00154305457094218	0.0420409622043559	0.0357473142865357	1321	tags=33%, list=8%, signal=31%	2309/2752/6774/3148/6777/3624/91/3091/6772/23456
GO:0050848	regulation of calcium-mediated signaling	66	0.529848937009523	1.73772246961915	0.00154501104119773	0.0420409622043559	0.0357473142865357	2628	tags=36%, list=16%, signal=31%	3632/29995/5598/257194/2475/5156/5725/5795/51778/5336/5159/11261/120892/801/1827/3708/2274/55273/51643/2281/683/3094/1012/58515
GO:1901606	alpha-amino acid catabolic process	72	0.508111126193674	1.68636078039739	0.00157743884183459	0.0427139659074333	0.0363195674802891	2578	tags=33%, list=16%, signal=28%	2744/10157/102724560/2752/5625/23576/875/4329/8659/137872/3176/587/36/56922/6470/2746/23464/125061/3712/55258/64087/3028/51540/1036
GO:0071294	cellular response to zinc ion	14	0.772913618665958	1.83431703375319	0.00160601499988614	0.0432766469144075	0.0367980135896241	314	tags=29%, list=2%, signal=28%	4502/4501/4493/4499
GO:0035115	embryonic forelimb morphogenesis	23	-0.644778141533691	-1.87843122788882	0.00164525457992278	0.0439316089081628	0.0373549259676686	1740	tags=35%, list=11%, signal=31%	775/6910/7020/6926/4488/116039/340419/1382
GO:0009201	ribonucleoside triphosphate biosynthetic process	114	0.460949931844114	1.63899907006907	0.00164614927993116	0.0439316089081628	0.0373549259676686	4628	tags=45%, list=28%, signal=32%	51422/6774/1503/55022/5465/65018/1353/5604/84833/10476/3614/527/4540/506/4718/4719/4694/3988/4541/4729/60343/509/4536/27109/4535/6901/4539/790/6392/6391/30968/4695/518/4508/522/54963/4712/4538/4701/65990/7371/516/4698/4537/4708/4832/4702/6390/4715/6389/515
GO:0001666	response to hypoxia	253	0.380688756209467	1.47923035899436	0.00165748175742432	0.0440223982558009	0.0374321238997262	1687	tags=26%, list=10%, signal=23%	10060/7225/10370/57085/9475/18/25994/8837/5562/2309/102724560/1374/6774/6781/64344/3952/23576/875/6722/8322/7057/8614/28996/4609/847/283/5468/9915/2475/836/28984/1410/3297/890/5465/126374/65018/3624/9124/3764/3091/857/5604/5885/4891/2043/51129/4540/7009/6868/22937/3708/3709/2660/6422/8678/6095/867/481/1312/54541/1535/56776/4519/5165
GO:1902004	positive regulation of amyloid-beta formation	17	0.725430993353707	1.81520399597415	0.00171017291254761	0.0451639841775106	0.0384028112624482	2258	tags=59%, list=14%, signal=51%	9475/836/114134/2043/54103/5970/3459/9619/1454/8301
GO:0030042	actin filament depolymerization	52	0.539463057914009	1.71552280915726	0.00172487203127945	0.0451639841775106	0.0384028112624482	1236	tags=29%, list=7%, signal=27%	25802/11034/55604/2059/23075/9948/832/64780/9645/130271/23384/1072/2314/5290/6709
GO:0050890	cognition	237	-0.329716197257775	-1.4518737749431	0.00171898540043146	0.0451639841775106	0.0384028112624482	2700	tags=29%, list=16%, signal=25%	348/10522/2055/50944/161582/4208/57477/567/590/5176/8704/3776/351/3815/157680/6100/6310/2903/3356/1620/2925/5621/4311/80863/41/10857/57528/1956/6356/65009/8831/151556/84446/23236/10231/1742/55209/7832/92521/1385/5728/23394/134/4776/7162/894/10347/85461/814/6326/55084/114/477/25946/4192/100528062/5764/3269/123016/4212/2258/10769/23152/23657/84152/4130/107/2048/7846
GO:0048545	response to steroid hormone	265	0.379485298281656	1.48062691623243	0.00174676041842608	0.0455223806698739	0.0387075548120708	2519	tags=26%, list=15%, signal=22%	1843/5187/54206/11170/3485/687/8013/8313/8837/2309/81606/6781/678/3148/114907/7057/4015/6502/476/836/6909/6446/6943/5465/57617/79147/301/3624/5536/3717/4864/857/5604/5290/57658/10474/11057/55818/10413/2660/6422/7538/9353/8085/1312/54541/1535/5447/5970/9604/706/654/6872/6256/5467/65992/9420/178/406/51341/5578/2033/2355/5901/1655/249/5585/7110
GO:2001044	regulation of integrin-mediated signaling pathway	23	0.66916388486564	1.79205902804574	0.00177179912714387	0.045825811138321	0.0389655609030581	1343	tags=43%, list=8%, signal=40%	3908/4811/3912/55679/2316/2013/5587/3915/81031/9270
GO:1901890	positive regulation of cell junction assembly	82	-0.42996538393731	-1.64518203329701	0.00177491432079608	0.045825811138321	0.0389655609030581	1521	tags=30%, list=9%, signal=28%	6385/54674/6910/3987/7070/57633/23394/5789/9647/7162/349667/7058/23768/84189/183/7422/1307/2049/4088/100528062/26045/576/131578/23767/2048
GO:0055017	cardiac muscle tissue growth	66	-0.460723343148483	-1.69016161543651	0.00178412298684793	0.0458503087962633	0.0389863911940844	2650	tags=42%, list=16%, signal=36%	2247/2242/4208/2735/3776/2627/4211/2539/196528/65009/6910/26011/2263/10038/5292/3084/4851/221476/7042/7373/27086/5999/23414/5592/4086/1901/3516/7472
GO:0170040	proteinogenic amino acid catabolic process	61	0.530856337512618	1.7243214471865	0.00180849070916389	0.0462623591086119	0.0393367564389566	2578	tags=36%, list=16%, signal=31%	2744/10157/102724560/2752/5625/23576/875/4329/8659/137872/3176/587/36/56922/6470/2746/23464/125061/3712/64087/3028/1036
GO:0055088	lipid homeostasis	134	0.439929005152129	1.60160809733027	0.00181792836393448	0.0462904603128454	0.0393606508154622	2916	tags=36%, list=18%, signal=30%	54206/8660/57104/727910/5562/94101/25987/257194/51099/5468/7376/6646/79803/4864/857/5604/338/51129/50640/27346/10938/2167/3949/6095/65991/116150/1654/10087/51302/706/32/7555/9619/9420/133957/4779/9969/57142/6836/23788/53345/4041/3988/9481/51128/128486/1645/29095
GO:0098773	skin epidermis development	92	-0.42645192764128	-1.64813674466835	0.00183063688165142	0.0464012115527261	0.0394548222894735	1811	tags=32%, list=11%, signal=28%	596/56603/94234/538/7474/1956/2252/4926/2263/3066/2312/7922/92344/2629/4851/55504/4488/9314/7042/2736/8861/6608/6662/2131/55366/2255/9079/3516/10468
GO:0042773	ATP synthesis coupled electron transport	92	0.474601384352559	1.62729626744273	0.00187186979747785	0.0470169649131202	0.0399783956746401	5245	tags=55%, list=32%, signal=38%	7384/65018/4540/54949/4519/4718/29103/1346/4719/4694/23788/1347/4541/4729/4513/10975/4697/54205/4514/4536/51103/4535/4539/6392/6391/4695/9377/7386/4712/4538/4701/1537/6622/1351/29796/4698/4537/4708/4702/6390/4715/6389/1337/4723/107075310/27069/51142/790955/4706/11315/1716
GO:0042775	mitochondrial ATP synthesis coupled electron transport	92	0.474601384352559	1.62729626744273	0.00187186979747785	0.0470169649131202	0.0399783956746401	5245	tags=55%, list=32%, signal=38%	7384/65018/4540/54949/4519/4718/29103/1346/4719/4694/23788/1347/4541/4729/4513/10975/4697/54205/4514/4536/51103/4535/4539/6392/6391/4695/9377/7386/4712/4538/4701/1537/6622/1351/29796/4698/4537/4708/4702/6390/4715/6389/1337/4723/107075310/27069/51142/790955/4706/11315/1716
GO:0019646	aerobic electron transport chain	85	0.489538239775153	1.65511347828278	0.0018972612109855	0.0472273407272668	0.0401572776495585	5061	tags=55%, list=31%, signal=39%	7384/65018/4540/54949/4519/4718/29103/1346/4719/4694/1347/4541/4729/4513/10975/4697/54205/4514/4536/51103/4535/4539/6392/6391/4695/9377/7386/92014/4712/4538/4701/1537/6622/1351/29796/4698/4537/4708/4702/6390/4715/6389/1337/4723/107075310/790955/4706
GO:0001952	regulation of cell-matrix adhesion	109	0.45992407711552	1.6173560736248	0.0018922525445949	0.0472273407272668	0.0401572776495585	2976	tags=42%, list=18%, signal=35%	11170/2824/79834/9475/5295/7094/7414/94/4771/6093/347/6237/10979/604/7057/1845/2013/23243/71/1613/5795/1072/23603/56940/2185/1435/1605/9270/6422/3690/5879/59339/7402/23499/26073/57669/6376/5291/683/1012/54453/5054/5786/6714/23332/387
GO:0141188	nucleic acid catabolic process	343	0.354643554625568	1.4155515157462	0.00190966413301839	0.047323864296362	0.0402393513743161	3471	tags=29%, list=21%, signal=24%	23034/6741/9475/8313/115572/6774/131870/6093/79670/678/10644/55629/51092/5393/2668/10865/1022/283/23381/55106/5394/3297/9238/9337/10921/54542/79899/7133/23185/3717/85456/2043/192670/27257/8531/5976/340719/9261/22894/246243/729082/10957/23367/80198/26135/8882/60493/7538/23405/2926/9513/56339/4849/3182/149041/9811/27161/647979/155435/2021/6419/207/5578/10758/1432/6499/55132/8148/1655/170506/2107/55149/79002/7188/9444/6050/84893/23658/9941/6921/10643/11157/10492/9775/55095/56829/5518/201626/27044/9978/10140/7016/23369/10642/60528/2935/708/80789/401115/56478
GO:0003215	cardiac right ventricle morphogenesis	11	-0.79100743190102	-1.92137468078862	0.0019469143592134	0.0480325404799714	0.0408419367799433	583	tags=45%, list=4%, signal=44%	4851/182/7042/23414/6659
GO:0150105	protein localization to cell-cell junction	22	0.689431941747497	1.82863904188062	0.00196985435829805	0.0483834581544799	0.0411403211113574	2374	tags=50%, list=14%, signal=43%	9414/7414/60/2316/71/9231/3716/7082/50848/1832/1500
GO:0050769	positive regulation of neurogenesis	186	-0.355347869211682	-1.53303885660871	0.00199064473906423	0.0486787178261917	0.0413913795964015	1399	tags=21%, list=8%, signal=19%	26011/118738/259266/80237/9839/23654/3984/3066/23394/2852/22891/1959/64221/5789/4803/2737/23028/7424/274/8140/22924/4851/9820/146433/4131/50937/7422/6608/4192/100528062/5764/6091/5270/8153/3976/2048/1382/7472/6387
GO:0010224	response to UV-B	21	-0.6509404980092	-1.84407298730025	0.00203103287737246	0.0494485241328708	0.0420459437771843	2407	tags=57%, list=15%, signal=49%	51776/5608/8692/2074/4311/596/4436/3592/3150/7508/4239/1026
GO:0019221	cytokine-mediated signaling pathway	375	0.35631432355158	1.42539992408502	0.00205604050812757	0.0498387810507255	0.0423777781587866	3090	tags=31%, list=19%, signal=26%	25939/307/2180/5894/5295/2309/6774/3667/57506/3952/54838/10555/81/6777/8322/9943/11213/1896/6776/10010/5781/1984/9180/3603/5468/79155/7376/836/5795/27342/5516/958/10581/7133/3624/5355/3717/3091/6772/2621/857/284/2185/4792/51094/1435/57724/7128/9261/6868/2840/340061/6505/7357/84522/2770/23765/90933/9755/10413/867/84817/9353/23405/81844/23170/3611/3570/1147/204851/56339/5970/3459/54726/79602/64332/6773/3716/7837/1238/6778/9470/558/207/83643/10019/10758/1432/91445/3654/4067/2152/330/8877/6376/83737/3588/10670/10410/3554/79594/7188/59307/122809/1796/7444/6714/837/3455/3953/58985/140609/153222/10554/4671/11274/23411
